combined,negative,neutral,positive,inc/dec
0.0,0.0,1.0,0.0,2.0
0.34,0.0,0.806,0.194,0.0
0.035300000000000005,0.14753846153846153,0.7803076923076924,0.07215384615384615,2.0
0.20105,0.0,0.66225,0.33775,2.0
0.17195,0.07875,0.65375,0.26749999999999996,2.0
-0.11184999999999998,0.1755,0.3245,0.5,2.0
0.14839999999999998,0.165,0.6325000000000001,0.2025,0.0
0.018739999999999958,0.2992,0.34950000000000003,0.3513,2.0
0.2202,0.0,0.79,0.21,2.0
0.296325,0.0,0.6115,0.1385,0.0
0.3337666666666667,0.0,0.8153333333333332,0.18466666666666667,0.0
0.1468,0.0,0.6666666666666666,0.3333333333333333,0.0
0.0,0.0,1.0,0.0,2.0
0.07172857142857143,0.11,0.8257142857142857,0.0642857142857143,2.0
0.62985,0.0795,0.46799999999999997,0.453,0.0
-0.06133333333333334,0.22955555555555554,0.5425555555555556,0.22788888888888892,0.0
0.18929166666666666,0.008916666666666666,0.6982499999999999,0.29283333333333333,0.0
0.22560555555555556,0.0495,0.6536666666666666,0.29683333333333334,0.0
0.4356333333333333,0.0,0.8066666666666666,0.19333333333333336,0.0
-0.25,0.167,0.833,0.0,0.0
0.25612,0.0,0.829,0.17099999999999999,2.0
0.1909,0.0,0.8775,0.1225,0.0
0.3182,0.0,0.303,0.697,2.0
0.2977666666666667,0.07933333333333333,0.7206666666666667,0.20000000000000004,2.0
0.4404,0.185,0.423,0.392,2.0
0.3592,0.0,0.7855,0.2145,2.0
0.2446,0.0785,0.7715000000000001,0.1505,0.0
0.30219375,0.0429375,0.5241875,0.30775,2.0
0.0772,0.296,0.37,0.333,0.0
0.14095,0.027375,0.36525,0.232375,2.0
0.0,0.0,0.6666666666666666,0.0,2.0
0.2573181818181818,0.04027272727272727,0.6571818181818182,0.30254545454545456,0.0
0.23954999999999999,0.0,0.397,0.603,0.0
0.0,0.0,1.0,0.0,0.0
-0.012650000000000002,0.07766666666666668,0.7678333333333334,0.1545,0.0
0.12298333333333333,0.0,0.8005,0.1995,2.0
0.6486,0.0,0.725,0.275,2.0
0.13023157894736842,0.022,0.8403684210526317,0.13763157894736844,2.0
0.0,0.0,1.0,0.0,0.0
0.0,0.0,1.0,0.0,0.0
0.0772,0.0,0.939,0.061,0.0
0.08462857142857143,0.05535714285714286,0.8103571428571429,0.13428571428571429,2.0
-0.5994,0.234,0.766,0.0,2.0
-0.1909,0.0835,0.9165,0.0,2.0
0.0,0.0,1.0,0.0,2.0
0.3182,0.0,0.635,0.365,0.0
0.22355,0.068,0.8165,0.11549999999999999,2.0
0.3413,0.06025,0.61475,0.325,2.0
0.08632,0.0363,0.8803000000000001,0.08349999999999999,2.0
0.10606666666666666,0.0,0.8783333333333333,0.12166666666666666,2.0
0.24695,0.0,0.8945000000000001,0.1055,2.0
0.0,0.065,0.78,0.155,0.0
0.1915125,0.1035,0.7455,0.15100000000000002,0.0
0.04517499999999999,0.10700000000000001,0.71575,0.177,2.0
0.291625,0.06325,0.79525,0.14150000000000001,0.0
0.32926666666666665,0.0,0.7120000000000001,0.288,2.0
0.25355,0.1435,0.589,0.2675,0.0
0.249825,0.07525000000000001,0.720125,0.204625,2.0
0.6369,0.0,0.488,0.512,2.0
0.11722857142857143,0.05257142857142857,0.7868571428571428,0.16042857142857142,2.0
0.19790000000000002,0.064,0.6085,0.327,2.0
0.0,0.0,1.0,0.0,2.0
0.300875,0.0,0.5385,0.4615,0.0
0.12146666666666667,0.15,0.4703333333333333,0.37966666666666665,0.0
0.6808,0.0,0.152,0.848,0.0
0.1806,0.1275,0.6635,0.209,0.0
0.0,0.0,1.0,0.0,2.0
-0.2787,0.138,0.8095,0.0525,0.0
-0.0772,0.247,0.538,0.215,0.0
0.31753,0.1358,0.43150000000000005,0.4327,2.0
0.08760000000000001,0.18200000000000002,0.5976666666666667,0.22,0.0
0.20365,0.0395,0.6463333333333333,0.31416666666666665,2.0
0.05815555555555555,0.16766666666666666,0.6588888888888889,0.17344444444444443,0.0
0.14482499999999998,0.1565,0.6779999999999999,0.16525,0.0
0.257525,0.0,0.7805,0.21949999999999997,0.0
0.5859,0.0,0.593,0.407,0.0
0.6586000000000001,0.0,0.5725,0.4275,2.0
0.3144857142857143,0.07214285714285715,0.6027142857142858,0.3251428571428571,0.0
0.12684285714285717,0.131,0.5624285714285714,0.30650000000000005,0.0
0.128,0.0,0.824,0.176,0.0
0.0,0.0,1.0,0.0,2.0
0.1681857142857143,0.0,0.8917142857142857,0.10828571428571429,0.0
0.10685454545454545,0.03518181818181818,0.8472727272727273,0.11763636363636364,0.0
0.1976,0.10425,0.55775,0.338,2.0
0.0,0.0,1.0,0.0,2.0
0.02720000000000001,0.19699999999999998,0.559375,0.243625,0.0
0.1218375,0.1995,0.70575,0.09475,0.0
0.743,0.0,0.636,0.364,0.0
0.2023,0.0,0.526,0.474,2.0
0.31710000000000005,0.011,0.8596,0.12940000000000002,2.0
0.44694,0.0,0.716,0.284,0.0
0.0,0.0,1.0,0.0,0.0
0.156225,0.0,0.85575,0.14425,2.0
0.148,0.0,0.8805000000000001,0.1195,2.0
0.148,0.0,0.5,0.5,2.0
0.0,0.0,1.0,0.0,2.0
0.08933333333333333,0.0,0.8573333333333334,0.14266666666666666,2.0
0.20090625,0.06375,0.7135,0.222875,2.0
0.34685454545454547,0.059454545454545454,0.5257272727272727,0.4148181818181818,2.0
0.04045555555555556,0.15344444444444444,0.5575555555555556,0.289,2.0
0.1537666666666667,0.05433333333333334,0.7245,0.22116666666666665,2.0
0.24589999999999998,0.05130769230769231,0.7163846153846154,0.2323076923076923,0.0
0.3537,0.0,0.64825,0.35175,2.0
0.4234428571428572,0.046714285714285715,0.7648571428571429,0.1882857142857143,0.0
0.15713333333333335,0.12358333333333334,0.6081666666666666,0.26825000000000004,0.0
-0.247625,0.24825,0.4955,0.25625,0.0
0.0,0.0,1.0,0.0,0.0
-0.07816666666666666,0.12466666666666666,0.5419999999999999,0.3333333333333333,0.0
0.09866666666666667,0.0,0.9483333333333333,0.051666666666666666,0.0
0.013900000000000004,0.05577777777777778,0.7837777777777778,0.16044444444444445,0.0
0.15201714285714285,0.05362857142857143,0.7952857142857143,0.15105714285714286,2.0
0.13396666666666665,0.0,0.6666666666666666,0.3333333333333333,2.0
0.3585235294117647,0.10752941176470587,0.6121764705882353,0.2802941176470588,0.0
0.03256956521739131,0.12704347826086956,0.6632173913043478,0.20978260869565218,2.0
0.334775,0.043,0.5155000000000001,0.4415,0.0
0.17512093023255815,0.05241860465116279,0.7583023255813953,0.18927906976744185,0.0
0.223675,0.012875,0.703875,0.28325,0.0
0.4154285714285714,0.11342857142857143,0.6537142857142858,0.23285714285714285,2.0
0.2264108695652174,0.044,0.6835434782608696,0.2724782608695652,2.0
0.01765,0.0765,0.7535000000000001,0.16999999999999998,0.0
0.02737727272727272,0.16697727272727272,0.5814545454545454,0.2515454545454545,2.0
0.0516,0.163,0.663,0.175,0.0
0.08903333333333334,0.11188888888888887,0.6038333333333333,0.2842777777777778,0.0
0.0,0.0,1.0,0.0,2.0
0.3460214285714286,0.0,0.7201428571428572,0.27985714285714286,2.0
0.3554857142857143,0.0,0.6425714285714286,0.3574285714285714,2.0
0.4767,0.0,0.693,0.307,2.0
0.1663529411764706,0.11988235294117648,0.6726470588235295,0.20741176470588238,0.0
0.0,0.0,1.0,0.0,2.0
0.19555,0.0,0.8515,0.1485,2.0
0.4767,0.08,0.717,0.203,2.0
0.32545999999999997,0.0,0.7525999999999999,0.2474,0.0
0.34697777777777783,0.05711111111111111,0.7716666666666667,0.17122222222222222,2.0
0.34915,0.01875,0.83725,0.14400000000000002,2.0
0.3277076923076923,0.05538461538461538,0.6691923076923078,0.2753846153846154,0.0
0.01670000000000001,0.15333333333333332,0.719,0.12766666666666668,0.0
0.16048,0.0,0.8827999999999999,0.11720000000000001,2.0
0.0,0.0,1.0,0.0,2.0
-0.019258823529411755,0.22176470588235295,0.5795294117647058,0.1986470588235294,2.0
0.095025,0.14425,0.5912499999999999,0.26475,0.0
0.31411733333333336,0.06884,0.6364133333333334,0.2947866666666667,0.0
-0.277,0.255375,0.57975,0.164875,2.0
0.17862499999999998,0.07975,0.5545,0.36574999999999996,2.0
0.3131,0.0,0.8300000000000001,0.17,0.0
-0.006774999999999994,0.15216666666666667,0.7518333333333334,0.09591666666666666,0.0
0.3427545454545455,0.10209090909090907,0.4684545454545454,0.4294545454545455,0.0
0.15815135135135133,0.07321621621621621,0.624,0.30275675675675673,2.0
-0.0903,0.1785,0.8215,0.0,2.0
0.2377,0.02033333333333333,0.8355555555555555,0.1441111111111111,2.0
0.2612548387096774,0.07009677419354839,0.6944516129032258,0.23538709677419353,0.0
-0.14795714285714284,0.2988571428571429,0.5599999999999999,0.14085714285714285,2.0
0.16773333333333335,0.059238095238095236,0.7310476190476191,0.20966666666666664,0.0
0.40427500000000005,0.0,0.63725,0.36275,2.0
0.0,0.0,1.0,0.0,0.0
0.14205,0.08025,0.5595,0.36,0.0
0.253,0.024333333333333332,0.6682666666666666,0.30746666666666667,0.0
0.14767777777777777,0.12088888888888889,0.7044444444444444,0.17477777777777778,0.0
0.20062222222222223,0.054296296296296294,0.7441851851851852,0.20148148148148146,2.0
0.4010583333333333,0.004,0.6748333333333333,0.32108333333333333,2.0
0.13545000000000001,0.3125,0.611,0.0765,2.0
0.2662742857142857,0.0282,0.6811142857142858,0.2620857142857143,0.0
0.2501142857142857,0.06457142857142857,0.6749999999999999,0.2604285714285714,0.0
0.25212727272727276,0.048363636363636366,0.768090909090909,0.18354545454545457,2.0
0.3064555555555556,0.05766666666666667,0.6505555555555556,0.29177777777777775,2.0
0.3509066666666667,0.085,0.5409333333333334,0.37406666666666666,0.0
0.49329999999999996,0.006500000000000001,0.4867,0.5069,0.0
0.44279999999999997,0.01911111111111111,0.5995555555555555,0.3813333333333333,2.0
0.59625,0.0,0.4475,0.5525,0.0
0.33049,0.04355,0.66825,0.28815,0.0
0.2704125,0.10475,0.765125,0.13025,0.0
0.41400000000000003,0.04925,0.6563749999999999,0.294375,2.0
-0.11989999999999999,0.12866666666666668,0.69,0.18133333333333335,0.0
0.32926666666666665,0.0,0.48033333333333333,0.5196666666666667,2.0
0.556225,0.053500000000000006,0.655,0.2915,0.0
0.318484,0.08407999999999999,0.50744,0.40848,2.0
0.0,0.0,1.0,0.0,2.0
0.3632857142857143,0.034999999999999996,0.5462857142857143,0.4187142857142857,0.0
0.20095,0.0,0.5,0.5,2.0
0.0,0.0,1.0,0.0,0.0
0.10444,0.038400000000000004,0.8622,0.0994,2.0
-0.119175,0.0765,0.865,0.0585,2.0
0.21695454545454543,0.04472727272727273,0.5933636363636364,0.3619090909090909,0.0
0.18953333333333333,0.03716666666666667,0.7243333333333334,0.23850000000000002,2.0
0.126,0.14118181818181819,0.7205454545454546,0.13827272727272727,2.0
0.4193125,0.0,0.510625,0.489375,2.0
0.05135,0.0,0.9435,0.0565,2.0
0.3243,0.0,0.8145,0.1855,0.0
0.29557500000000003,0.0,0.8415,0.1585,0.0
0.0,0.0,1.0,0.0,2.0
0.16914500000000002,0.02495,0.7534,0.2217,2.0
0.31233571428571427,0.06992857142857142,0.5511428571428572,0.3789285714285714,2.0
0.14531999999999998,0.049,0.7006,0.2504,0.0
0.4784333333333333,0.0,0.7416666666666667,0.25833333333333336,2.0
0.10391666666666666,0.0,0.8271666666666667,0.1728333333333333,0.0
0.16375,0.15375,0.62375,0.2225,2.0
0.32627,0.0,0.7335,0.1665,0.0
0.0,0.0,1.0,0.0,0.0
0.2412,0.1376666666666667,0.698,0.16433333333333333,0.0
0.802,0.0,0.66,0.34,0.0
0.6249,0.0,0.196,0.804,2.0
0.29235,0.0775,0.528,0.3945,2.0
0.0,0.0,1.0,0.0,2.0
-0.14908333333333335,0.25466666666666665,0.5786666666666667,0.16666666666666666,2.0
0.464975,0.0515,0.4985,0.45,2.0
0.4173,0.01625,0.47425,0.50925,2.0
-0.24695,0.1775,0.714,0.1085,2.0
0.8805,0.0,0.556,0.444,0.0
0.2138,0.07383333333333333,0.7266666666666667,0.1994166666666667,2.0
0.30446,0.0692,0.5025999999999999,0.4282,0.0
0.033490000000000006,0.12190000000000001,0.6933,0.1849,0.0
0.2975,0.12825,0.6832499999999999,0.1885,0.0
0.39478,0.037,0.7918000000000001,0.17120000000000002,0.0
0.0,0.0,1.0,0.0,0.0
-0.03975000000000001,0.0985,0.7155,0.186,2.0
0.47355,0.0,0.561,0.43900000000000006,2.0
-0.5588,0.316,0.684,0.0,0.0
0.39760909090909097,0.06672727272727273,0.6465454545454545,0.28690909090909095,0.0
0.31845,0.0,0.6615,0.3385,2.0
0.1779,0.0,0.884,0.116,2.0
0.1750375,0.045,0.6224999999999999,0.3325,2.0
0.10365,0.03075,0.89975,0.06925,2.0
0.4006,0.0,0.46900000000000003,0.531,0.0
0.12484374999999999,0.09243749999999999,0.5618125,0.34575,2.0
0.32154166666666667,0.046875,0.5843333333333334,0.36879166666666663,0.0
0.20095,0.0,0.5,0.5,0.0
0.2427777777777778,0.07733333333333332,0.6662222222222222,0.2564444444444444,2.0
0.16118888888888888,0.07444444444444444,0.6426666666666666,0.28300000000000003,0.0
0.32366923076923076,0.06223076923076923,0.6257692307692307,0.312,2.0
0.40835,0.3075,0.435,0.2575,2.0
-0.2023,0.11,0.824,0.066,2.0
0.32426666666666665,0.06533333333333334,0.726,0.20833333333333334,2.0
0.2818,0.16249999999999998,0.4105,0.42725,0.0
0.025733333333333334,0.0,0.6666666666666666,0.3333333333333333,2.0
0.27222,0.20779999999999998,0.5566,0.23559999999999998,0.0
0.16734193548387097,0.12958064516129034,0.5773870967741935,0.2930645161290323,0.0
0.2621,0.06871428571428571,0.596,0.3352857142857143,2.0
0.13913076923076922,0.05761538461538462,0.6961923076923077,0.24619230769230768,0.0
0.1366,0.0,0.9199999999999999,0.08,0.0
0.39420000000000005,0.125,0.32,0.555,0.0
0.3461,0.0,0.594,0.40599999999999997,2.0
0.4166,0.015000000000000001,0.6606000000000001,0.32439999999999997,2.0
0.0,0.0,1.0,0.0,2.0
0.146125,0.0335,0.83475,0.13175,0.0
0.25044285714285713,0.0,0.6907142857142857,0.3092857142857143,0.0
0.25786363636363635,0.055818181818181815,0.7765454545454545,0.1676363636363636,0.0
0.07705500000000001,0.07915,0.8164999999999999,0.10434999999999998,2.0
0.11821999999999999,0.02195,0.8346500000000001,0.1434,2.0
0.6705,0.0,0.686,0.314,2.0
0.15539999999999998,0.023333333333333334,0.8704999999999999,0.10616666666666667,0.0
0.20413333333333336,0.0,0.8483333333333333,0.15166666666666667,0.0
0.128196,0.10544,0.59828,0.29628,2.0
0.19822962962962962,0.1037037037037037,0.581,0.3152962962962963,0.0
0.12216666666666666,0.07566666666666666,0.715,0.20933333333333334,2.0
0.47304545454545455,0.03918181818181818,0.565,0.39590909090909093,2.0
0.4927,0.0,0.724,0.276,0.0
0.1780111111111111,0.028444444444444446,0.5911111111111111,0.3804444444444444,2.0
0.19569047619047616,0.05552380952380952,0.47728571428571426,0.4671904761904762,2.0
0.14077499999999998,0.054,0.7395,0.2065,2.0
0.12866,0.036199999999999996,0.5045,0.3593,2.0
0.17661666666666667,0.012666666666666666,0.8606666666666666,0.12666666666666668,2.0
0.6403,0.0,0.754,0.246,0.0
0.35673333333333335,0.019333333333333334,0.4455,0.5353333333333333,2.0
0.17668333333333333,0.13816666666666666,0.5631666666666667,0.2986666666666667,2.0
0.2578,0.08833333333333333,0.5889166666666666,0.32283333333333336,2.0
0.2553,0.0,0.738,0.262,0.0
0.26180000000000003,0.18833333333333332,0.27099999999999996,0.5406666666666666,2.0
0.10128421052631578,0.06678947368421054,0.7881578947368421,0.14510526315789474,2.0
0.01379999999999999,0.25539999999999996,0.47919999999999996,0.26539999999999997,0.0
0.2752846153846154,0.013307692307692307,0.7353846153846154,0.25130769230769234,0.0
0.29851578947368423,0.028789473684210528,0.7250526315789474,0.24615789473684208,2.0
0.0,0.0,1.0,0.0,0.0
0.1468,0.0,0.7520000000000001,0.248,0.0
0.0,0.0,1.0,0.0,0.0
0.15301,0.1109,0.7205,0.1687,2.0
0.2899375,0.055999999999999994,0.678625,0.265375,2.0
0.26335,0.0,0.819,0.181,2.0
0.0,0.0,1.0,0.0,2.0
0.2428,0.0,0.8615999999999999,0.1384,0.0
0.239875,0.12306249999999999,0.54475,0.33218749999999997,2.0
-0.009590909090909094,0.11072727272727273,0.7078181818181818,0.18145454545454545,0.0
0.22436315789473685,0.013210526315789473,0.725578947368421,0.2612105263157895,2.0
0.05345,0.0779,0.8222999999999999,0.0998,2.0
-0.06675,0.052,0.9075,0.0405,0.0
0.3616363636363636,0.012909090909090908,0.6467272727272727,0.34045454545454545,2.0
0.19219333333333333,0.04473333333333333,0.7712666666666667,0.184,0.0
0.28218,0.0329,0.7069,0.2601,2.0
0.43346666666666667,0.023333333333333334,0.7959999999999999,0.18033333333333332,0.0
0.24695,0.0,0.742,0.258,2.0
0.5308666666666667,0.03133333333333333,0.7023333333333334,0.26633333333333337,2.0
0.2759666666666667,0.10733333333333334,0.5846666666666667,0.308,0.0
0.1159,0.033,0.763,0.204,0.0
0.3053,0.048875,0.693375,0.257875,0.0
0.8225,0.0,0.397,0.603,2.0
0.15705,0.046,0.7434545454545455,0.21059090909090908,0.0
0.3177,0.04808333333333333,0.6933333333333334,0.258625,0.0
0.4404,0.0,0.508,0.492,2.0
0.2615142857142857,0.10885714285714286,0.41971428571428576,0.4714285714285714,2.0
0.0,0.0,1.0,0.0,0.0
0.14622666666666667,0.03146666666666667,0.7063333333333334,0.2622666666666667,0.0
0.009925000000000003,0.19575,0.6585,0.14575,2.0
0.27227999999999997,0.0,0.4234,0.5766,2.0
0.2938958333333333,0.008625,0.5972916666666667,0.39408333333333334,0.0
0.38007500000000005,0.0,0.49625,0.5037499999999999,2.0
0.323875,0.028,0.73975,0.23225,0.0
0.47455,0.0,0.31783333333333336,0.6821666666666667,2.0
0.61215,0.0,0.2115,0.7885,0.0
-0.4019,0.73,0.27,0.0,2.0
0.08406153846153847,0.06046153846153846,0.7796923076923077,0.15984615384615383,2.0
0.148,0.0,0.5,0.5,2.0
0.14150909090909092,0.0,0.9080909090909092,0.09190909090909093,2.0
0.09085555555555555,0.025666666666666667,0.7463333333333334,0.228,2.0
0.2177888888888889,0.05377777777777778,0.7254444444444444,0.2207777777777778,0.0
0.0,0.0,1.0,0.0,2.0
0.3612,0.107,0.692,0.201,0.0
0.18698333333333333,0.06755555555555555,0.6328333333333334,0.2996111111111111,2.0
0.5423,0.0,0.632,0.368,0.0
0.1513181818181818,0.0,0.6363636363636364,0.36363636363636365,2.0
0.0,0.0,1.0,0.0,0.0
0.46773333333333333,0.0,0.41,0.59,0.0
0.1749272727272727,0.025636363636363634,0.7192727272727273,0.2550909090909091,2.0
0.0,0.0,1.0,0.0,2.0
0.875,0.0,0.154,0.846,2.0
0.19339,0.0343,0.7628,0.2029,2.0
0.4404,0.0,0.633,0.367,0.0
0.23085714285714284,0.023571428571428573,0.6117142857142858,0.3648571428571429,0.0
0.2263,0.124,0.703,0.173,0.0
0.16164545454545454,0.012636363636363638,0.8502727272727273,0.1370909090909091,0.0
0.116375,0.09974999999999999,0.67425,0.22574999999999998,0.0
-0.3201,0.21766666666666667,0.71,0.072,2.0
0.2929714285714286,0.020428571428571428,0.6502857142857142,0.3292857142857143,2.0
0.2966857142857143,0.0,0.6168571428571428,0.3831428571428571,2.0
0.3486090909090909,0.044909090909090905,0.6576363636363637,0.2974545454545454,2.0
0.19105000000000003,0.3485,0.1515,0.5,2.0
0.28723,0.0981,0.4483,0.45359999999999995,2.0
0.17928181818181818,0.04695454545454545,0.7423636363636364,0.21068181818181816,2.0
0.3612,0.0,0.545,0.455,2.0
0.214825,0.034062499999999996,0.6608125,0.3051875,0.0
0.24326666666666666,0.02188888888888889,0.5952222222222222,0.3828888888888889,2.0
0.33565,0.044000000000000004,0.6078333333333333,0.3481666666666667,0.0
0.17288750000000003,0.0245,0.8665,0.109,0.0
0.22753333333333334,0.0,0.8675,0.13249999999999998,0.0
0.7845,0.0,0.592,0.408,2.0
0.3040083333333333,0.04320833333333333,0.6518333333333334,0.30495833333333333,2.0
0.4939,0.0,0.849,0.151,2.0
0.1665,0.06666666666666667,0.48733333333333334,0.446,0.0
0.20172857142857142,0.03728571428571429,0.7881428571428571,0.17457142857142857,0.0
0.34735454545454547,0.05318181818181818,0.5733636363636364,0.37363636363636366,2.0
0.469825,0.0,0.5900000000000001,0.41000000000000003,2.0
0.225675,0.052,0.64025,0.30774999999999997,0.0
0.0,0.0,1.0,0.0,0.0
-0.02816666666666666,0.019444444444444445,0.9548888888888888,0.025666666666666667,0.0
0.4383,0.08320000000000001,0.5626,0.35439999999999994,2.0
0.15153225806451612,0.055967741935483865,0.7204838709677419,0.2235483870967742,2.0
0.37895,0.0,0.8245,0.1755,2.0
0.41475,0.091,0.432875,0.476125,2.0
0.1767125,0.075375,0.6986249999999999,0.226,2.0
0.18788888888888888,0.08511111111111111,0.641888888888889,0.27299999999999996,2.0
0.131675,0.0,0.75,0.25,2.0
0.8126,0.0,0.417,0.583,0.0
0.19706666666666667,0.008,0.7572222222222222,0.23477777777777778,0.0
0.14632222222222221,0.011703703703703704,0.7901851851851852,0.1610740740740741,0.0
0.23275,0.0,0.841875,0.158125,0.0
0.166376,0.0258,0.72752,0.24667999999999998,0.0
0.15844999999999998,0.111,0.47475,0.41425,0.0
0.27074,0.0904,0.6056,0.304,0.0
0.3692625,0.0196875,0.657625,0.3226875,2.0
0.26698333333333335,0.035666666666666666,0.31583333333333335,0.6485,2.0
0.11535238095238096,0.05123809523809524,0.6845714285714285,0.2641904761904762,0.0
0.04185,0.0935,0.4065,0.5,2.0
0.0,0.0,1.0,0.0,2.0
0.0,0.0,1.0,0.0,0.0
0.08405384615384616,0.03992307692307692,0.7585384615384616,0.20153846153846156,0.0
0.1122,0.104625,0.6915,0.203875,0.0
0.195571875,0.02115625,0.8058125,0.17303125,0.0
-0.07603333333333333,0.04933333333333333,0.9506666666666667,0.0,2.0
0.0,0.0,1.0,0.0,0.0
0.2514,0.02614285714285714,0.814857142857143,0.159,2.0
0.38798571428571427,0.06864285714285714,0.5284285714285714,0.4029285714285714,0.0
0.17,0.0,0.8725,0.1275,0.0
0.8316,0.0,0.102,0.898,2.0
0.16076666666666667,0.0345,0.8366666666666668,0.12875,2.0
0.3612,0.0,0.0,1.0,2.0
0.43061111111111106,0.05233333333333333,0.5787777777777778,0.369,2.0
0.26353333333333334,0.0,0.7666666666666666,0.2333333333333333,2.0
0.5106,0.07,0.704,0.225,2.0
0.30738,0.0,0.7018,0.2982,2.0
-0.019536000000000008,0.15884,0.59744,0.24367999999999998,2.0
-0.028200000000000003,0.17466666666666666,0.492,0.3333333333333333,0.0
0.1113857142857143,0.06095238095238095,0.7885238095238096,0.15047619047619049,0.0
0.199925,0.127,0.5972500000000001,0.27575,2.0
0.11333333333333334,0.0,0.852,0.148,2.0
0.29824375,0.044625,0.6660625,0.28925,2.0
0.40022857142857143,0.005,0.538047619047619,0.45695238095238094,2.0
0.2997,0.0,0.8845000000000001,0.1155,2.0
0.15455833333333333,0.05666666666666667,0.6974999999999999,0.24583333333333335,0.0
0.20434444444444447,0.066,0.6647037037037037,0.26925925925925925,2.0
0.358625,0.011,0.7444999999999999,0.2445,0.0
0.26933636363636365,0.06163636363636363,0.6110909090909091,0.32727272727272727,2.0
0.13212142857142856,0.0,0.8259285714285715,0.1740714285714286,0.0
0.0,0.0,1.0,0.0,2.0
0.23085,0.09814285714285716,0.5411428571428571,0.36064285714285715,0.0
-0.0518,0.1728,0.7514,0.0758,0.0
0.282142,0.037399999999999996,0.60834,0.3543,2.0
0.1587333333333333,0.065,0.7136666666666667,0.2213333333333333,0.0
-0.023400000000000015,0.083,0.669,0.248,2.0
0.1806,0.0,0.643,0.357,0.0
0.08492,0.13979999999999998,0.644,0.2162,0.0
0.0,0.0,1.0,0.0,0.0
0.053644999999999984,0.047299999999999995,0.8071999999999999,0.14550000000000002,2.0
0.07705000000000001,0.193,0.671,0.136,0.0
0.033318421052631574,0.11410526315789475,0.6835789473684211,0.2023421052631579,0.0
0.1822,0.0,0.7496666666666667,0.25033333333333335,0.0
0.01033,0.0718,0.8688,0.0595,0.0
0.15735,0.06343750000000001,0.6899375,0.24662499999999998,2.0
-0.03055714285714286,0.1717142857142857,0.6591428571428571,0.16914285714285712,2.0
0.19466315789473684,0.08289473684210526,0.6351052631578947,0.28194736842105267,0.0
0.2842,0.218,0.128,0.6539999999999999,0.0
0.2416,0.054333333333333324,0.8216666666666667,0.124,0.0
0.12356,0.0,0.4,0.6,2.0
0.0,0.0,1.0,0.0,0.0
0.1338,0.0464375,0.7075625,0.2459375,2.0
-0.0772,0.17,0.717,0.112,2.0
0.14109333333333335,0.05313333333333334,0.7164,0.23053333333333334,0.0
0.16175,0.019200000000000002,0.8310000000000001,0.1498,0.0
0.3241727272727273,0.05618181818181818,0.6913636363636363,0.2524545454545455,1.0
0.03891739130434783,0.058565217391304346,0.841,0.10043478260869565,0.0
0.10606666666666666,0.0,0.6666666666666666,0.3333333333333333,0.0
0.12023999999999999,0.0722,0.6670666666666667,0.2607333333333333,0.0
0.296,0.0,0.0,1.0,2.0
0.12399999999999999,0.04475,0.774,0.18125,2.0
0.0,0.0,1.0,0.0,0.0
0.1815166666666667,0.0,0.8931666666666667,0.10683333333333334,2.0
0.11887500000000001,0.0,0.8965,0.1035,0.0
0.43410000000000004,0.04088888888888889,0.5512222222222223,0.40788888888888886,0.0
0.16426666666666667,0.030999999999999996,0.7098666666666666,0.2591333333333333,2.0
0.37943333333333334,0.0,0.22466666666666668,0.7753333333333333,0.0
0.24583333333333335,0.13133333333333333,0.5153333333333333,0.35333333333333333,2.0
0.24841428571428573,0.10257142857142856,0.4408571428571429,0.4565714285714285,0.0
0.13157894736842105,0.02173684210526316,0.7573157894736842,0.22094736842105264,2.0
0.1981,0.018799999999999997,0.77604,0.20512,0.0
0.24938181818181818,0.06563636363636363,0.6944545454545454,0.23981818181818182,0.0
0.177675,0.10575,0.51275,0.3815,0.0
0.252,0.0333,0.6696,0.29710000000000003,2.0
-0.4032166666666666,0.4141666666666666,0.5208333333333334,0.06483333333333334,0.0
0.4259375,0.0425,0.64275,0.31475,0.0
-0.3619333333333333,0.227,0.7486666666666667,0.024333333333333332,2.0
0.296,0.0,0.645,0.355,2.0
0.0,0.0,1.0,0.0,0.0
0.872,0.0,0.503,0.497,2.0
0.1297,0.0658,0.7804,0.1538,2.0
0.117175,0.12675,0.5095000000000001,0.36375,0.0
0.0,0.0,1.0,0.0,2.0
0.0,0.0,1.0,0.0,0.0
0.5328999999999999,0.0,0.6905,0.3095,2.0
0.25684285714285715,0.0642857142857143,0.5392857142857143,0.3962857142857143,0.0
-0.24695,0.258,0.742,0.0,0.0
0.2854909090909091,0.04227272727272727,0.6279090909090909,0.32981818181818184,2.0
0.09824166666666667,0.06408333333333334,0.7589166666666666,0.17708333333333334,2.0
0.13684634146341465,0.07639024390243902,0.573829268292683,0.30104878048780487,2.0
0.4466,0.0,0.7535000000000001,0.2465,2.0
0.2514769230769231,0.03915384615384616,0.6439230769230769,0.31684615384615383,0.0
-0.047549999999999995,0.1542,0.7908,0.05500000000000001,2.0
0.007619999999999999,0.12179999999999999,0.7715,0.10669999999999999,0.0
0.14175714285714286,0.02642857142857143,0.8527142857142858,0.121,2.0
0.02589090909090908,0.07718181818181818,0.8073636363636364,0.11545454545454546,2.0
0.3943,0.0,0.5208571428571428,0.47914285714285715,2.0
0.12600204081632654,0.02310204081632653,0.8224897959183674,0.15440816326530613,0.0
0.20259999999999997,0.040400000000000005,0.6588,0.3008,0.0
0.07447500000000001,0.082,0.7101666666666667,0.20791666666666667,2.0
0.0,0.0,1.0,0.0,0.0
0.19363125,0.0721875,0.648,0.279875,2.0
0.3196333333333333,0.084,0.673,0.243,0.0
0.39135,0.0,0.4075,0.5925,2.0
0.21827999999999997,0.0446,0.6338,0.3216,0.0
0.2966,0.146375,0.46775,0.385875,0.0
0.5991500000000001,0.0,0.6175,0.3825,0.0
0.35140000000000005,0.0208,0.8018000000000001,0.1772,0.0
0.23885,0.0067857142857142855,0.6866428571428571,0.27085714285714285,0.0
0.18518,0.1202,0.6464000000000001,0.2332,0.0
0.2304,0.1,0.753,0.147,2.0
0.17029444444444441,0.018111111111111113,0.6355555555555555,0.3463333333333333,2.0
0.24974999999999997,0.0,0.68525,0.31475,2.0
0.3318625,0.036375000000000005,0.6821875000000001,0.2814375,2.0
0.0,0.0,1.0,0.0,2.0
0.1375,0.0,0.8280000000000001,0.172,2.0
0.4019,0.0,0.27,0.73,0.0
0.22003846153846154,0.02446153846153846,0.6436153846153847,0.3319230769230769,2.0
0.5574,0.0,0.878,0.122,2.0
0.19997142857142855,0.04476190476190476,0.7677619047619049,0.18747619047619046,0.0
0.0,0.0,1.0,0.0,2.0
0.20406666666666667,0.014777777777777779,0.6693333333333333,0.316,0.0
0.11928571428571429,0.09607142857142857,0.6668571428571429,0.23707142857142857,2.0
0.0827391304347826,0.06,0.7591739130434781,0.18082608695652172,0.0
0.0,0.0,1.0,0.0,2.0
0.19357692307692306,0.07692307692307693,0.7059230769230769,0.21715384615384614,2.0
0.0,0.0,1.0,0.0,2.0
0.12481111111111111,0.03622222222222222,0.8403333333333333,0.12344444444444444,0.0
0.16463999999999998,0.0,0.7833,0.21669999999999998,2.0
0.2202,0.0,0.5,0.5,0.0
0.19586666666666666,0.02488888888888889,0.7380555555555556,0.23705555555555557,2.0
0.10413333333333334,0.09100000000000001,0.7116666666666666,0.19733333333333333,0.0
0.27273684210526317,0.052526315789473685,0.7503157894736843,0.19715789473684212,2.0
0.0,0.0,1.0,0.0,0.0
-0.20095,0.1065,0.8935,0.0,0.0
0.2628888888888889,0.06977777777777777,0.6695555555555556,0.2605555555555556,2.0
0.10683333333333334,0.08127777777777778,0.5394444444444445,0.32372222222222224,0.0
0.16633,0.0381,0.6054,0.3065,2.0
0.5644666666666667,0.0,0.6955555555555555,0.30444444444444446,0.0
0.13704545454545453,0.022,0.6791818181818182,0.2988181818181818,2.0
0.25001666666666666,0.09766666666666667,0.5636666666666666,0.3385,2.0
0.3425142857142857,0.011214285714285715,0.6719285714285714,0.31685714285714284,0.0
0.3169461538461538,0.022307692307692306,0.5003076923076923,0.4004615384615384,0.0
0.19193333333333332,0.0,0.71,0.29,2.0
0.049199999999999994,0.05325,0.69675,0.25,0.0
0.14645714285714284,0.14285714285714285,0.5734285714285715,0.2837142857142857,0.0
0.1362727272727273,0.038454545454545457,0.8392727272727272,0.1222727272727273,2.0
0.169,0.019769230769230768,0.7046153846153846,0.27561538461538465,2.0
0.225425,0.026125,0.824625,0.14925,2.0
0.19038750000000002,0.11174999999999999,0.6733750000000001,0.214875,0.0
0.3522214285714286,0.038142857142857145,0.7080714285714286,0.25392857142857145,0.0
0.6705,0.0,0.56,0.44,0.0
0.6249,0.192,0.423,0.385,0.0
0.308,0.0,0.7126,0.2874,2.0
0.27345714285714284,0.03695238095238095,0.6652380952380953,0.2977619047619048,0.0
0.4019,0.0,0.0,1.0,0.0
0.036044444444444435,0.07144444444444445,0.8585555555555556,0.07,2.0
0.1421777777777778,0.0,0.9234444444444444,0.07655555555555556,2.0
0.06766,0.15660000000000002,0.504,0.33940000000000003,0.0
0.033466666666666665,0.048666666666666664,0.618,0.3333333333333333,0.0
0.0,0.0,1.0,0.0,2.0
0.22378333333333333,0.02316666666666667,0.6488333333333333,0.32816666666666666,0.0
0.21075,0.0,0.5,0.5,2.0
-0.22653333333333334,0.18033333333333335,0.738,0.08166666666666667,2.0
0.0526,0.08045454545454546,0.7849090909090909,0.13463636363636364,2.0
0.19404999999999997,0.0,0.7740833333333333,0.22591666666666668,2.0
0.42955,0.0,0.6935,0.3065,0.0
0.16924,0.03811428571428572,0.7247428571428571,0.23714285714285716,2.0
0.24682500000000002,0.0,0.88525,0.11474999999999999,2.0
0.17035833333333336,0.0265,0.6984166666666667,0.27508333333333335,2.0
0.01465000000000001,0.03,0.784,0.186,2.0
0.13338181818181818,0.0,0.7803636363636364,0.21963636363636363,0.0
0.32816666666666666,0.02816666666666667,0.6865,0.2853333333333334,0.0
0.3326545454545454,0.07045454545454545,0.5183636363636364,0.41118181818181815,0.0
0.19886333333333334,0.0693,0.6848,0.24596666666666664,2.0
0.4215,0.0,0.682,0.318,2.0
0.13678947368421054,0.026842105263157896,0.7598421052631579,0.2133157894736842,0.0
0.21915454545454544,0.071,0.5568181818181818,0.3721818181818181,2.0
0.20418000000000003,0.0,0.5396,0.2604,0.0
0.2575875,0.125,0.5635,0.3115,0.0
0.15555454545454547,0.038454545454545457,0.7735454545454545,0.18790909090909091,2.0
0.27311176470588233,0.017235294117647057,0.7364705882352941,0.24623529411764705,0.0
0.262015,0.07010000000000001,0.7211000000000001,0.20884999999999998,2.0
0.21852777777777777,0.029111111111111112,0.7276111111111111,0.24327777777777776,2.0
0.125,0.0,0.9335,0.0665,0.0
0.26189999999999997,0.02383333333333333,0.7963333333333332,0.17966666666666664,0.0
0.3243,0.0,0.9065,0.0935,0.0
0.2349294117647059,0.06888235294117648,0.6161764705882353,0.31488235294117645,2.0
0.1866,0.1105,0.688,0.2015,0.0
0.20436,0.1086,0.6486,0.24269999999999997,0.0
0.3147375,0.015125,0.701375,0.2835,2.0
0.17557142857142857,0.056285714285714286,0.7765714285714286,0.16714285714285712,0.0
0.0488,0.16666666666666666,0.5,0.3333333333333333,2.0
0.1955125,0.0625,0.4650625,0.4724375,2.0
0.37243333333333334,0.0,0.8416666666666667,0.15833333333333333,2.0
0.22552,0.027500000000000004,0.5780000000000001,0.39449999999999996,2.0
0.12795,0.054636363636363636,0.6341363636363636,0.31122727272727274,0.0
0.34463333333333335,0.0,0.848,0.152,2.0
0.22438400000000003,0.0302,0.75804,0.21172000000000002,2.0
0.14049999999999999,0.0,0.6666666666666666,0.3333333333333333,0.0
0.26876666666666665,0.07053846153846154,0.6272307692307693,0.3023076923076923,2.0
0.0,0.0,1.0,0.0,2.0
0.03981999999999999,0.10840000000000001,0.7056,0.186,0.0
0.0,0.0,1.0,0.0,0.0
-0.128,0.429,0.571,0.0,0.0
0.2185777777777778,0.010666666666666666,0.8693333333333333,0.12000000000000001,2.0
0.0,0.0,1.0,0.0,2.0
0.48724999999999996,0.0,0.6501666666666667,0.3498333333333334,2.0
0.3182,0.0,0.0,1.0,0.0
0.0650111111111111,0.08277777777777778,0.8096666666666666,0.10755555555555556,2.0
0.3182,0.0,0.0,1.0,2.0
0.24296666666666666,0.247,0.39799999999999996,0.35566666666666663,0.0
0.11210499999999998,0.1286,0.6761,0.19535,0.0
0.39632500000000004,0.015333333333333332,0.6888333333333333,0.29591666666666666,2.0
-0.34,0.706,0.294,0.0,0.0
0.5278999999999999,0.09566666666666666,0.3193333333333333,0.585,2.0
0.04409999999999999,0.21266666666666664,0.5213333333333333,0.26633333333333337,0.0
0.2756,0.1795,0.44975,0.37074999999999997,2.0
0.45178,0.073,0.6228,0.30419999999999997,0.0
0.4019,0.0,0.0,1.0,2.0
0.4127666666666667,0.0,0.7683333333333332,0.2316666666666667,2.0
0.2202,0.0,0.878,0.122,2.0
0.07254285714285715,0.07485714285714286,0.6394285714285715,0.2857142857142857,2.0
0.21517499999999998,0.0392,0.7175,0.24325000000000002,2.0
0.15811999999999998,0.0,0.86,0.13999999999999999,2.0
0.43035,0.0,0.0,1.0,2.0
0.2003875,0.096625,0.578,0.325375,0.0
0.9201,0.0,0.598,0.402,1.0
0.14068666666666668,0.11326666666666667,0.6978000000000001,0.18893333333333334,2.0
0.1591,0.0,0.8425,0.1575,2.0
0.289625,0.05675,0.59175,0.35124999999999995,0.0
0.2322625,0.116375,0.375625,0.508,2.0
0.21355,0.0,0.69675,0.30325,0.0
-0.17629999999999998,0.17366666666666666,0.7616666666666667,0.06466666666666666,2.0
0.13738235294117648,0.0,0.8284117647058824,0.17158823529411762,0.0
0.29169999999999996,0.0,0.68025,0.31975,2.0
0.12017777777777777,0.05644444444444444,0.5671111111111111,0.2653333333333333,0.0
0.2826666666666666,0.02512121212121212,0.6016666666666667,0.3429090909090909,0.0
0.3609,0.0,0.389,0.2776666666666667,2.0
0.0,0.0,1.0,0.0,0.0
0.0,0.0,1.0,0.0,0.0
0.07625,0.1418,0.6898,0.1684,2.0
0.1454,0.08357142857142856,0.7607142857142858,0.15571428571428572,2.0
0.13396666666666665,0.0,0.6666666666666666,0.3333333333333333,0.0
0.0,0.0,1.0,0.0,0.0
0.6586000000000001,0.0,0.677,0.32299999999999995,0.0
0.1589,0.0,0.9146666666666666,0.08533333333333333,2.0
0.504,0.044833333333333336,0.4535,0.5016666666666666,2.0
-0.3182,0.187,0.813,0.0,2.0
0.39637272727272727,0.10454545454545454,0.5428181818181819,0.35254545454545455,2.0
0.20975,0.07133333333333333,0.733,0.19583333333333333,2.0
0.0,0.0,1.0,0.0,2.0
0.16787692307692306,0.05307692307692307,0.716923076923077,0.23,2.0
-0.04857142857142858,0.10085714285714285,0.8991428571428572,0.0,0.0
0.4215,0.0,0.263,0.737,2.0
0.8625,0.0,0.556,0.444,2.0
0.58345,0.0,0.3125,0.6875,0.0
0.00645,0.0,0.75,0.25,1.0
0.42115,0.0,0.391,0.609,2.0
0.26598181818181815,0.07345454545454545,0.6458181818181818,0.2809090909090909,2.0
0.05135,0.072,0.844,0.0845,0.0
-0.08311428571428571,0.13057142857142856,0.8191428571428572,0.05028571428571428,2.0
0.24960882352941174,0.08791176470588236,0.44894117647058823,0.4631176470588235,2.0
0.16770000000000002,0.053000000000000005,0.7343,0.21270000000000003,0.0
0.2291090909090909,0.04725454545454546,0.7017454545454545,0.2509818181818182,0.0
0.2189909090909091,0.08681818181818181,0.6516363636363637,0.26163636363636367,0.0
0.20945,0.08254166666666667,0.650875,0.26666666666666666,2.0
0.13326666666666664,0.26533333333333337,0.557,0.17766666666666667,2.0
0.356525,0.0,0.7945,0.20550000000000002,2.0
0.27927142857142856,0.0,0.46114285714285713,0.5388571428571429,2.0
0.2912142857142857,0.0,0.8132857142857143,0.1867142857142857,2.0
0.14049999999999999,0.0,0.6666666666666666,0.3333333333333333,2.0
0.4079333333333333,0.0,0.5706666666666667,0.4293333333333333,0.0
0.0,0.0,1.0,0.0,2.0
0.26862857142857144,0.0,0.344,0.5131428571428571,0.0
0.0,0.0,1.0,0.0,2.0
0.057436363636363626,0.12927272727272726,0.6421818181818182,0.22854545454545452,2.0
-0.029900000000000024,0.40475,0.27749999999999997,0.318,2.0
0.24617500000000003,0.06925,0.7685,0.16225,0.0
0.37568333333333337,0.015166666666666667,0.7286666666666667,0.25616666666666665,0.0
0.6249,0.0,0.662,0.338,0.0
0.37565,0.053,0.7035,0.244,2.0
0.0,0.0,1.0,0.0,0.0
0.10426500000000001,0.06465,0.75885,0.17650000000000002,2.0
-0.34,0.168,0.737,0.095,2.0
0.2671,0.0,0.8628,0.1372,2.0
0.14340000000000003,0.022,0.8742000000000001,0.1038,2.0
0.2970578947368421,0.04789473684210526,0.5307894736842106,0.42131578947368414,0.0
0.1468,0.0,0.6666666666666666,0.3333333333333333,0.0
0.45236666666666664,0.0,0.48900000000000005,0.511,2.0
0.0,0.0,1.0,0.0,0.0
0.3313,0.0,0.2776666666666667,0.7223333333333333,0.0
0.3223111111111111,0.0,0.6786666666666666,0.3213333333333333,2.0
0.36345,0.0,0.8315,0.1685,2.0
0.05516666666666666,0.04158333333333333,0.7054166666666667,0.253,0.0
0.10394,0.0,0.851,0.149,2.0
0.8402,0.0,0.619,0.381,2.0
0.15466666666666665,0.129,0.636,0.23500000000000001,2.0
0.07861333333333334,0.056466666666666665,0.7451333333333333,0.1984,2.0
0.6018,0.0,0.2665,0.7335,2.0
0.1030952380952381,0.1749047619047619,0.6014285714285714,0.22366666666666668,2.0
0.44658421052631586,0.04536842105263158,0.5792105263157895,0.37547368421052635,2.0
0.0,0.0,1.0,0.0,0.0
0.16076,0.0,0.6,0.4,0.0
0.1023090909090909,0.024363636363636365,0.8034545454545454,0.17218181818181819,2.0
0.21848571428571426,0.0,0.585,0.415,0.0
0.35355333333333333,0.0044,0.7268666666666667,0.2687333333333333,2.0
0.28514117647058823,0.0,0.6858823529411765,0.3141176470588235,0.0
-0.4215,1.0,0.0,0.0,0.0
0.22251666666666667,0.06944444444444445,0.6584444444444445,0.27216666666666667,2.0
0.13435,0.04583333333333334,0.5761666666666666,0.37799999999999995,0.0
0.4215,0.0,0.872,0.128,2.0
-0.30595,0.3595,0.5960000000000001,0.0445,2.0
0.0,0.0,1.0,0.0,2.0
0.22347037037037035,0.054629629629629625,0.685037037037037,0.26025925925925925,2.0
0.42194000000000004,0.027200000000000002,0.5816,0.39139999999999997,0.0
0.20088,0.013800000000000002,0.7557,0.23049999999999998,0.0
0.0,0.0,1.0,0.0,2.0
0.09340000000000001,0.06685714285714285,0.8342857142857143,0.09899999999999999,0.0
0.0,0.0,1.0,0.0,0.0
0.3809666666666667,0.023000000000000003,0.47100000000000003,0.5059999999999999,0.0
0.1501,0.07644444444444444,0.7235555555555556,0.2,0.0
0.26139,0.032499999999999994,0.6273,0.3402,0.0
0.15435,0.079,0.539,0.382,0.0
0.11315,0.0,0.9199999999999999,0.08,2.0
0.2980222222222222,0.011444444444444445,0.6567777777777777,0.3317777777777778,2.0
0.3526625,0.0,0.61075,0.38925,0.0
0.03406666666666667,0.19833333333333333,0.6153333333333334,0.18633333333333332,2.0
0.6808,0.0,0.714,0.286,0.0
0.5340999999999999,0.022600000000000002,0.6308,0.3464,2.0
-0.2755,0.091,0.909,0.0,0.0
0.0,0.0,1.0,0.0,2.0
-0.008342857142857152,0.08385714285714285,0.755,0.16121428571428573,2.0
0.1278,0.08460000000000001,0.61585,0.29955,0.0
0.331,0.0,0.7501666666666665,0.24983333333333335,0.0
0.030674999999999994,0.06775,0.61275,0.3195,0.0
0.04420999999999999,0.21960000000000002,0.5099,0.2705,0.0
0.05275000000000002,0.381,0.3365,0.2825,0.0
0.15319285714285713,0.047285714285714285,0.6135,0.33917857142857144,0.0
0.08174545454545455,0.06927272727272728,0.7608181818181818,0.1699090909090909,0.0
0.4237714285714286,0.008428571428571428,0.6294285714285713,0.36214285714285716,2.0
0.11595555555555556,0.12833333333333333,0.5981111111111111,0.27366666666666667,2.0
0.10466363636363636,0.06418181818181817,0.5873636363636364,0.3483636363636364,0.0
0.2301125,0.186375,0.458375,0.35525,2.0
0.06521428571428574,0.1637142857142857,0.5074285714285715,0.32871428571428574,2.0
0.26764166666666667,0.07195833333333333,0.6813333333333333,0.24670833333333334,2.0
0.06615,0.16666666666666666,0.6951666666666666,0.13816666666666666,0.0
0.225275,0.062625,0.626875,0.3105,0.0
0.09996666666666668,0.12088888888888889,0.4597777777777778,0.41933333333333334,2.0
0.2077,0.075,0.6932,0.2318,0.0
0.31245,0.0,0.598,0.402,0.0
0.11480526315789473,0.014526315789473686,0.7625789473684211,0.22289473684210528,2.0
0.42935,0.0,0.801,0.199,0.0
0.24581250000000002,0.0305,0.74875,0.22075,0.0
0.3438181818181818,0.0,0.463,0.537,0.0
0.0258,0.0,0.645,0.355,2.0
-0.01177692307692308,0.15357692307692308,0.5736153846153846,0.2728846153846154,0.0
-0.34,0.231,0.769,0.0,2.0
0.09580909090909091,0.0828,0.6007454545454545,0.3164181818181818,2.0
0.23193999999999998,0.016,0.43099999999999994,0.1532,2.0
0.30556875,0.006875,0.5785,0.41465625,2.0
0.14638571428571429,0.03457142857142857,0.6182857142857143,0.34714285714285714,0.0
0.09752608695652175,0.11243478260869565,0.598,0.2896521739130435,2.0
0.7198,0.0,0.252,0.748,2.0
0.1309642857142857,0.1275,0.61475,0.25775000000000003,2.0
0.19290000000000002,0.11539999999999999,0.6738,0.211,2.0
0.05267499999999998,0.13125,0.63825,0.2305,2.0
0.3567222222222222,0.043888888888888894,0.7543333333333333,0.20166666666666666,0.0
0.17188055555555554,0.09529166666666666,0.6729722222222222,0.2317361111111111,2.0
0.44765999999999995,0.0,0.1196,0.8804000000000001,2.0
0.07622727272727271,0.10618181818181817,0.7720000000000001,0.12181818181818181,0.0
0.28338113207547166,0.008981132075471698,0.7417358490566037,0.24924528301886795,2.0
0.4586,0.0,0.5929090909090909,0.40709090909090906,0.0
0.23495999999999997,0.1412,0.6082,0.25060000000000004,2.0
0.42806666666666665,0.0,0.42944444444444446,0.5705555555555555,2.0
0.32080000000000003,0.059199999999999996,0.43019999999999997,0.5105999999999999,0.0
0.25708484848484847,0.01793939393939394,0.6297575757575757,0.3523030303030303,0.0
0.44186,0.0,0.3712,0.6288,2.0
0.23743333333333333,0.0684,0.6937333333333334,0.23793333333333333,2.0
0.18793137254901962,0.041078431372549025,0.583921568627451,0.375,2.0
0.38319285714285717,0.02964285714285714,0.6401785714285715,0.3301785714285714,0.0
0.1989121212121212,0.08272727272727273,0.6299393939393939,0.28733333333333333,0.0
0.42225999999999997,0.0262,0.43920000000000003,0.5344,2.0
0.04671499999999999,0.10325,0.6437999999999999,0.253,0.0
-0.1474625,0.27237500000000003,0.683,0.044625,0.0
-0.029866666666666666,0.1947142857142857,0.6363333333333333,0.16899999999999998,0.0
0.2185642857142857,0.027857142857142858,0.6325714285714286,0.3395714285714285,0.0
0.27801632653061226,0.025571428571428568,0.5714489795918367,0.40297959183673465,2.0
0.44610000000000005,0.07425,0.28225,0.6435,2.0
0.18335151515151515,0.10187878787878789,0.5834545454545453,0.3146060606060606,0.0
0.18672363636363637,0.11770909090909092,0.5056,0.3767272727272727,2.0
0.4215,0.0,0.0,1.0,0.0
0.32800769230769233,0.07888461538461539,0.5928461538461538,0.32826923076923076,2.0
0.05009999999999998,0.3905,0.426,0.1835,2.0
0.16080645161290322,0.08125806451612903,0.6068709677419355,0.31187096774193546,2.0
0.1069469387755102,0.12263265306122449,0.5848367346938775,0.25173469387755104,2.0
0.15774285714285716,0.0,0.8302857142857143,0.1697142857142857,2.0
0.15077457627118643,0.0788135593220339,0.6450677966101694,0.27616949152542375,0.0
0.25351333333333337,0.039599999999999996,0.5911333333333333,0.36926666666666663,2.0
0.15153846153846154,0.06426923076923077,0.6446538461538461,0.29115384615384615,0.0
-0.6597,0.688,0.312,0.0,0.0
0.2474823529411765,0.08423529411764706,0.5459411764705883,0.3698235294117647,2.0
0.15027500000000002,0.186,0.4185,0.3955,0.0
0.0068450980392156845,0.1548235294117647,0.6111176470588235,0.23409803921568628,2.0
-0.09658,0.1884,0.7362,0.07519999999999999,2.0
0.35606363636363636,0.09090909090909091,0.5015454545454545,0.4075454545454545,0.0
0.09466000000000001,0.16,0.5154,0.3246,0.0
0.1591,0.0,0.57575,0.42425,2.0
0.0,0.0,1.0,0.0,0.0
0.18315238095238096,0.06933333333333334,0.6828095238095239,0.24776190476190477,0.0
0.2842,0.0,0.5875,0.4125,2.0
0.21618285714285715,0.07485714285714286,0.6029428571428572,0.3222,0.0
0.6249,0.0,0.788,0.212,0.0
0.35664999999999997,0.0,0.49425,0.50575,0.0
0.11315,0.0,0.8935,0.1065,2.0
0.0,0.0,1.0,0.0,2.0
-0.020739999999999995,0.0997,0.6163000000000001,0.284,0.0
0.08537826086956522,0.0,0.9492173913043479,0.05078260869565217,0.0
0.0,0.0,1.0,0.0,0.0
0.12655882352941172,0.22047058823529414,0.4264117647058823,0.35311764705882354,2.0
0.08822222222222223,0.10894444444444445,0.6953611111111111,0.19572222222222224,2.0
0.2195,0.06935294117647059,0.6673529411764706,0.26329411764705885,2.0
0.0172,0.0,0.6506666666666666,0.34933333333333333,2.0
0.016183333333333327,0.078,0.5971666666666667,0.3248333333333333,0.0
0.25517450980392153,0.05005882352941177,0.6852156862745098,0.26472549019607844,0.0
0.22670769230769228,0.059000000000000004,0.5908461538461538,0.35015384615384615,2.0
0.6249,0.0,0.495,0.505,0.0
0.1530857142857143,0.07685714285714286,0.3797142857142857,0.5434285714285715,2.0
0.0854625,0.0605,0.7386874999999999,0.20075,0.0
0.18076666666666666,0.0,0.9363333333333334,0.06366666666666666,2.0
0.09072142857142858,0.07207142857142856,0.7285,0.19942857142857143,2.0
0.51405,0.0505,0.6865,0.2635,2.0
0.0,0.0,1.0,0.0,2.0
0.0341,0.07339999999999999,0.7842,0.1424,0.0
0.31147586206896555,0.039724137931034485,0.5908965517241379,0.3693793103448276,0.0
0.27426,0.0,0.5966,0.4034,2.0
0.06305333333333335,0.023733333333333332,0.8151333333333334,0.16113333333333332,2.0
0.25582000000000005,0.11120000000000001,0.445,0.4438000000000001,0.0
0.20976470588235294,0.04588235294117647,0.6722352941176472,0.2818823529411765,2.0
0.16183461538461538,0.02592307692307692,0.6753076923076923,0.2986923076923077,0.0
0.6249,0.0,0.196,0.804,2.0
0.3548846153846154,0.028615384615384615,0.6000769230769231,0.3713076923076923,2.0
0.4399470588235294,0.0,0.500235294117647,0.49976470588235294,2.0
0.09526666666666667,0.050749999999999997,0.6856666666666666,0.26358333333333334,2.0
0.41169999999999995,0.0,0.4925,0.5075000000000001,2.0
0.297,0.12333333333333332,0.5950555555555556,0.2816666666666667,0.0
0.9149,0.0,0.444,0.556,2.0
0.19407349397590362,0.09984337349397591,0.5807831325301205,0.31934939759036146,2.0
0.28485555555555553,0.0918888888888889,0.2554444444444445,0.6526666666666667,2.0
0.19721866666666665,0.11965333333333333,0.46131999999999995,0.419,0.0
0.1408888888888889,0.094,0.7955555555555556,0.11044444444444444,0.0
0.06781538461538461,0.16384615384615384,0.5038461538461538,0.3323076923076923,0.0
0.23154444444444444,0.09805555555555556,0.5697777777777778,0.33205555555555555,2.0
0.55265,0.03075,0.5445,0.42474999999999996,2.0
0.20853913043478262,0.11617391304347825,0.518,0.2788695652173913,0.0
0.2507421052631579,0.09942105263157895,0.36405263157894735,0.5365263157894737,0.0
0.14214285714285713,0.05095238095238096,0.6661904761904762,0.28285714285714286,2.0
0.0,0.0,1.0,0.0,0.0
0.0,0.0,1.0,0.0,2.0
0.17067708333333334,0.079375,0.6152083333333334,0.30545833333333333,2.0
0.11988000000000001,0.0,0.8870000000000001,0.11299999999999999,0.0
0.17912608695652174,0.0037391304347826086,0.7945217391304348,0.2017391304347826,0.0
0.13034146341463415,0.0,0.8362926829268292,0.16370731707317074,0.0
0.4404,0.0,0.256,0.744,2.0
0.16319999999999998,0.10436363636363635,0.4978181818181818,0.3978181818181818,0.0
0.15293333333333334,0.0,0.6666666666666666,0.3333333333333333,0.0
0.34643333333333337,0.07166666666666667,0.5718,0.3565333333333333,2.0
0.45792941176470586,0.019647058823529413,0.5888235294117647,0.39152941176470585,2.0
0.28805813953488374,0.08269767441860465,0.5207441860465116,0.39660465116279064,2.0
-0.033716666666666666,0.10733333333333334,0.7868333333333334,0.1055,0.0
0.1408208333333333,0.05933333333333333,0.6158541666666667,0.3248125,0.0
0.2059909090909091,0.03409090909090909,0.5849090909090909,0.381,0.0
0.3246185185185185,0.14429629629629628,0.4662222222222222,0.3894814814814815,0.0
0.31245,0.0,0.664,0.336,2.0
0.16269999999999998,0.08158823529411764,0.6799117647058823,0.2384411764705882,0.0
0.4166,0.0,0.8186666666666667,0.18133333333333335,2.0
0.11566190476190477,0.0648095238095238,0.733095238095238,0.20209523809523808,2.0
0.2707,0.0,0.4126666666666667,0.5873333333333334,2.0
0.1873275,0.01235,0.7654,0.22225,0.0
0.20688823529411765,0.0,0.8421176470588235,0.15788235294117647,0.0
0.0,0.0,1.0,0.0,2.0
0.0,0.0,1.0,0.0,0.0
0.4215,0.0,0.741,0.259,2.0
0.37734,0.0,0.6096,0.39039999999999997,0.0
0.26698518518518516,0.02511111111111111,0.7302222222222222,0.24474074074074076,0.0
0.042000000000000016,0.0528,0.7906000000000001,0.15660000000000002,2.0
0.2732,0.0,0.0,1.0,2.0
0.0,0.0,1.0,0.0,2.0
0.3066,0.196,0.4415,0.36250000000000004,2.0
0.19512222222222222,0.08166666666666667,0.5341111111111112,0.3842222222222222,0.0
0.13331276595744682,0.06659574468085107,0.7232553191489363,0.21012765957446808,2.0
0.16362727272727273,0.08872727272727272,0.6615454545454545,0.24990909090909091,2.0
0.18997380952380954,0.038571428571428576,0.6826190476190477,0.27876190476190477,0.0
0.30349583333333335,0.014416666666666666,0.6662916666666666,0.319375,2.0
0.17000425531914892,0.03925531914893617,0.7185957446808511,0.24208510638297873,2.0
0.6705,0.092,0.496,0.411,2.0
0.2669888888888889,0.2222222222222222,0.5506666666666666,0.22711111111111112,2.0
0.2294,0.0,0.8634999999999999,0.1365,2.0
0.4588,0.0,0.727,0.273,0.0
0.14027272727272727,0.05227272727272727,0.7795454545454544,0.16818181818181818,2.0
0.11001176470588236,0.013647058823529413,0.8515294117647059,0.1348235294117647,2.0
0.14335384615384617,0.03453846153846154,0.8150000000000001,0.1503846153846154,2.0
0.28717647058823526,0.09658823529411764,0.5938823529411765,0.3095294117647059,0.0
0.0,0.0,1.0,0.0,2.0
0.25481304347826084,0.04613043478260869,0.5933478260869566,0.3605217391304348,2.0
0.038900000000000004,0.10964705882352942,0.6951764705882353,0.19523529411764706,2.0
0.09507555555555555,0.11655555555555555,0.6749111111111111,0.20855555555555555,0.0
0.3715,0.0,0.6205,0.3795,0.0
0.0,0.0,1.0,0.0,0.0
0.27476666666666666,0.0,0.7428666666666667,0.2571333333333333,2.0
0.15048571428571428,0.0,0.9462857142857144,0.053714285714285714,0.0
-0.296,0.136,0.864,0.0,2.0
0.21259999999999998,0.014857142857142859,0.7908571428571428,0.19442857142857142,2.0
0.261,0.0224,0.7184999999999999,0.2591,0.0
0.30234285714285714,0.0,0.8482857142857142,0.15171428571428572,0.0
0.6171666666666668,0.0,0.5713333333333334,0.4286666666666667,2.0
0.15425,0.12516666666666668,0.47700000000000004,0.39766666666666667,2.0
0.10922307692307692,0.052,0.558923076923077,0.3889230769230769,2.0
0.23653333333333335,0.05793333333333333,0.6778,0.2642,2.0
0.23652857142857142,0.0,0.6057857142857143,0.39421428571428574,2.0
0.04362000000000001,0.16799999999999998,0.6756,0.1564,2.0
0.2553,0.0,0.854,0.146,0.0
0.4404,0.0,0.256,0.744,2.0
0.39465,0.02716666666666667,0.4856666666666667,0.4870833333333333,0.0
0.2023,0.279,0.233,0.488,0.0
0.3654622222222222,0.040777777777777774,0.5572888888888888,0.40195555555555557,0.0
0.18195,0.02983333333333333,0.5958333333333333,0.3743333333333333,0.0
0.26185625,0.0655,0.2981875,0.6363125000000001,2.0
0.3612,0.0,0.737,0.263,2.0
0.08048333333333334,0.06416666666666666,0.7400833333333333,0.19575,2.0
0.1806,0.0,0.8335,0.1665,2.0
0.1310638888888889,0.08991666666666667,0.6376944444444445,0.27244444444444443,0.0
0.7845,0.0,0.695,0.305,0.0
0.2982948717948718,0.04912820512820513,0.665025641025641,0.28594871794871796,2.0
0.0,0.0,1.0,0.0,2.0
0.31491428571428576,0.0,0.526,0.47400000000000003,2.0
0.4404,0.0,0.633,0.367,2.0
0.3680136363636363,0.04381818181818182,0.5611363636363637,0.3950909090909091,0.0
0.14958666666666667,0.040799999999999996,0.7790666666666667,0.18013333333333334,2.0
0.06186666666666666,0.05933333333333333,0.8356666666666667,0.105,0.0
0.40558095238095243,0.03019047619047619,0.6724761904761904,0.29733333333333334,0.0
0.33185624999999996,0.00925,0.8261875,0.1645625,2.0
0.31245,0.0,0.598,0.402,2.0
0.07464285714285714,0.11385714285714285,0.7115238095238096,0.17442857142857143,2.0
0.1345279069767442,0.11109302325581395,0.6506046511627906,0.23834883720930233,0.0
0.3666392857142857,0.0275,0.6472857142857142,0.3251428571428572,2.0
0.7269,0.0,0.45,0.55,2.0
0.24651777777777775,0.03844444444444444,0.6789555555555555,0.2826,2.0
0.4043,0.0668,0.7236,0.2096,2.0
0.23793777777777778,0.053822222222222216,0.6141555555555556,0.33197777777777776,2.0
0.07955,0.0,0.75,0.25,0.0
0.33615999999999996,0.04646666666666666,0.4507333333333333,0.5028,0.0
0.3043666666666667,0.017083333333333332,0.6171666666666668,0.36575,0.0
0.3612,0.0,0.444,0.556,2.0
0.04700833333333334,0.1938333333333333,0.6625,0.14366666666666666,0.0
0.3748,0.0,0.336,0.664,0.0
0.0798,0.06833333333333334,0.8593333333333333,0.07233333333333333,0.0
0.15272,0.016,0.6309,0.3531,0.0
0.13446666666666668,0.024666666666666667,0.7948333333333334,0.1805,0.0
0.2294,0.0,0.906,0.094,0.0
0.04914285714285714,0.07642857142857143,0.7738571428571428,0.14971428571428572,2.0
0.0,0.0,1.0,0.0,2.0
0.621642857142857,0.0,0.3694285714285714,0.6305714285714286,2.0
0.12489230769230769,0.12046153846153847,0.5774615384615385,0.30215384615384616,0.0
0.027933333333333327,0.04933333333333333,0.9011111111111111,0.049555555555555554,2.0
0.361925,0.0535,0.38325,0.563,0.0
0.3034230769230769,0.1086923076923077,0.5683076923076923,0.323,2.0
0.17,0.0,0.9219999999999999,0.078,2.0
0.29209999999999997,0.036958333333333336,0.6134583333333333,0.34958333333333336,2.0
-0.018879999999999994,0.1806,0.6295999999999999,0.1898,2.0
0.6249,0.0,0.37,0.63,0.0
0.8074,0.0,0.291,0.709,2.0
-0.296,0.688,0.312,0.0,2.0
-0.34,0.179,0.821,0.0,0.0
0.32236666666666663,0.0,0.5733333333333334,0.4266666666666666,0.0
0.22313333333333332,0.06183333333333333,0.709,0.2293333333333333,2.0
0.11221428571428571,0.056285714285714286,0.5151428571428571,0.42857142857142855,0.0
0.2682818181818182,0.0076363636363636364,0.8464545454545455,0.1459090909090909,0.0
0.09722727272727273,0.05709090909090909,0.8206363636363636,0.12218181818181817,0.0
0.51072,0.0,0.5788,0.42119999999999996,2.0
0.38155,0.0,0.2725,0.7275,0.0
0.26733333333333337,0.0,0.7073333333333333,0.2926666666666667,0.0
0.03163,0.0632,0.8307,0.1061,0.0
0.379,0.10533333333333333,0.7023333333333334,0.19233333333333333,2.0
0.2234190476190476,0.08357142857142856,0.7764285714285715,0.13999999999999999,0.0
0.15045714285714284,0.08771428571428573,0.7834285714285715,0.12871428571428573,2.0
0.2344392857142857,0.05971428571428571,0.6793571428571428,0.26085714285714284,0.0
0.36319999999999997,0.1346,0.426,0.4394,2.0
0.1081,0.06653846153846153,0.7886153846153847,0.14484615384615385,2.0
0.0,0.0,1.0,0.0,2.0
0.2362,0.01325,0.67125,0.3155,2.0
0.435425,0.0365,0.5765,0.387,0.0
0.22006666666666666,0.0,0.5355,0.46449999999999997,0.0
0.20024000000000003,0.1048,0.6214000000000001,0.2738,2.0
0.29883333333333334,0.0,0.7051666666666666,0.29483333333333334,2.0
0.0,0.0,1.0,0.0,2.0
0.2845333333333333,0.04466666666666667,0.4801666666666667,0.47516666666666674,2.0
0.14068461538461538,0.05315384615384615,0.7882307692307692,0.15861538461538463,2.0
0.4291,0.0,0.43875,0.56125,2.0
0.5719,0.0,0.213,0.787,2.0
0.2873,0.0305,0.7315,0.238,0.0
0.17702222222222222,0.11677777777777777,0.5569999999999999,0.3263333333333333,0.0
-0.6808,0.605,0.395,0.0,0.0
0.18076666666666666,0.0,0.8889999999999999,0.111,2.0
0.8126,0.121,0.368,0.511,2.0
-0.27115,0.5,0.5,0.0,2.0
0.5267,0.0,0.761,0.239,0.0
0.0,0.0,1.0,0.0,2.0
0.27115,0.0255,0.903,0.0715,2.0
0.28064,0.0,0.4,0.6,0.0
0.3173,0.0,0.7283076923076923,0.2716923076923077,2.0
0.1101,0.0,0.90825,0.09175,0.0
0.3156444444444444,0.03244444444444444,0.6198888888888888,0.34777777777777774,2.0
0.1366,0.0,0.794,0.206,0.0
0.4019,0.0,0.0,1.0,2.0
0.0,0.0,1.0,0.0,2.0
0.2947666666666667,0.0,0.855,0.145,2.0
0.24235,0.0,0.62075,0.37925,0.0
0.58605,0.045,0.5545,0.40049999999999997,0.0
0.43570000000000003,0.014000000000000002,0.6990000000000001,0.28700000000000003,0.0
0.30994,0.0179,0.7348,0.2473,2.0
0.159025,0.049,0.6745,0.27649999999999997,2.0
0.4019,0.0,0.69,0.31,2.0
0.3023625,0.0,0.563125,0.436875,0.0
0.27775833333333333,0.05275,0.6646666666666666,0.2826666666666667,0.0
0.0,0.0,1.0,0.0,0.0
-0.013933333333333317,0.12133333333333333,0.7666666666666666,0.112,2.0
0.1414625,0.047875,0.660875,0.29125,2.0
0.0,0.0,1.0,0.0,2.0
0.20352666666666666,0.0318,0.5716666666666667,0.3966,0.0
0.23804545454545456,0.05086363636363636,0.5806363636363637,0.3685,2.0
0.3182,0.248,0.424,0.327,2.0
0.11092941176470587,0.06947058823529412,0.7378823529411765,0.1926470588235294,2.0
-0.10015,0.0695,0.893,0.0375,2.0
0.39065714285714287,0.057928571428571426,0.5582857142857143,0.3837857142857143,2.0
0.3349333333333333,0.06899999999999999,0.4206666666666667,0.5106666666666667,2.0
0.42069999999999996,0.048799999999999996,0.6117999999999999,0.3392,0.0
-0.08850000000000001,0.17,0.785,0.04466666666666667,2.0
-0.08895,0.2435,0.584,0.1725,2.0
0.11415,0.125,0.693125,0.181875,2.0
0.20463636363636362,0.07090909090909091,0.6613636363636364,0.2677272727272727,2.0
0.0,0.0,1.0,0.0,0.0
-0.2652333333333334,0.29833333333333334,0.6613333333333333,0.04066666666666666,0.0
0.36755,0.032,0.8385,0.1295,2.0
0.367335,0.0093,0.63655,0.35419999999999996,2.0
0.0,0.0,1.0,0.0,2.0
0.03516363636363636,0.1379090909090909,0.6579090909090909,0.2040909090909091,2.0
0.3612,0.0,0.0,1.0,0.0
0.14956666666666665,0.05644444444444444,0.6337777777777778,0.3097777777777778,2.0
0.35635,0.027583333333333335,0.5763333333333334,0.39608333333333334,0.0
0.33408571428571426,0.017785714285714287,0.5378571428571429,0.44435714285714284,2.0
0.1468,0.0,0.7520000000000001,0.248,0.0
0.0,0.0,1.0,0.0,0.0
0.38693999999999995,0.0228,0.655,0.3222,2.0
0.1106,0.037125,0.75575,0.207125,2.0
-0.12025714285714284,0.15342857142857141,0.7311428571428572,0.11528571428571428,2.0
0.21866666666666668,0.0,0.8758333333333334,0.12416666666666666,0.0
0.62835,0.0,0.5337500000000001,0.46625000000000005,0.0
0.03662,0.1466,0.5843999999999999,0.269,0.0
0.05997857142857143,0.07328571428571429,0.6631428571428571,0.26357142857142857,2.0
0.0,0.0,1.0,0.0,0.0
0.2755315789473684,0.037,0.7044736842105263,0.25852631578947366,0.0
0.0,0.0,1.0,0.0,2.0
0.3579913043478261,0.014304347826086958,0.6913913043478261,0.2943478260869565,2.0
0.1001857142857143,0.156,0.6969285714285715,0.147,0.0
0.055366666666666675,0.16666666666666666,0.5653333333333334,0.268,0.0
0.219,0.03230769230769231,0.647,0.3206923076923077,2.0
0.0,0.0,1.0,0.0,2.0
0.1482318181818182,0.008363636363636363,0.752090909090909,0.23954545454545456,0.0
-0.1909,0.074,0.9259999999999999,0.0,0.0
0.09646111111111111,0.064,0.6922222222222223,0.24383333333333335,0.0
0.4019,0.0,0.0,1.0,0.0
0.11308333333333336,0.1665,0.47816666666666663,0.35533333333333333,0.0
0.1366,0.0965,0.741,0.1625,2.0
0.19582857142857144,0.06671428571428571,0.5595714285714285,0.37371428571428567,0.0
0.35014,0.13540000000000002,0.48860000000000003,0.376,2.0
0.0,0.0,1.0,0.0,2.0
0.1693222222222222,0.16177777777777777,0.6047777777777777,0.23333333333333334,0.0
-0.02054,0.0518,0.9481999999999999,0.0,0.0
0.22834444444444443,0.0,0.7107777777777778,0.2892222222222222,2.0
0.4019,0.0,0.0,1.0,2.0
0.2926,0.08875,0.663,0.24825,0.0
0.5994,0.0,0.0,1.0,0.0
0.22377142857142857,0.10971428571428572,0.6965714285714286,0.19385714285714287,0.0
0.2364,0.0575,0.806,0.137,0.0
0.23898,0.0,0.7650666666666667,0.23493333333333333,2.0
0.2342,0.0,0.7799999999999999,0.22,2.0
0.1442625,0.08725,0.730625,0.182125,2.0
0.159225,0.0,0.85425,0.14575,0.0
0.12376666666666665,0.11155555555555556,0.7072222222222222,0.18133333333333335,0.0
0.0424,0.1245,0.722,0.15383333333333335,2.0
0.14644545454545455,0.05090909090909091,0.8110909090909092,0.13818181818181818,0.0
0.25,0.0,0.6,0.4,2.0
0.05246363636363637,0.09127272727272727,0.7477272727272727,0.161,0.0
0.20770588235294116,0.009294117647058824,0.7065882352941176,0.28411764705882353,0.0
0.0,0.0,1.0,0.0,2.0
0.1791625,0.0,0.865125,0.13487500000000002,0.0
0.0,0.0,1.0,0.0,2.0
-0.37995,0.304,0.583,0.113,0.0
0.0,0.0,1.0,0.0,2.0
0.231175,0.0395,0.69725,0.26325,0.0
0.45946,0.0,0.597,0.403,2.0
-0.03748,0.0854,0.8585,0.05619999999999999,2.0
0.24530000000000002,0.04875,0.81175,0.1395,2.0
0.016466666666666647,0.09466666666666668,0.7875,0.11783333333333335,0.0
0.0,0.0,1.0,0.0,2.0
0.16962,0.0274,0.714,0.2584,2.0
0.48124,0.0,0.42560000000000003,0.5744,0.0
0.0,0.0,1.0,0.0,2.0
0.26926923076923076,0.0,0.6666923076923077,0.3333076923076923,2.0
0.48723333333333335,0.0,0.4131666666666667,0.5868333333333333,0.0
-0.12383333333333334,0.07566666666666666,0.9095,0.014833333333333332,0.0
0.0595,0.0,0.9151999999999999,0.0848,2.0
-0.16144999999999998,0.3005,0.4635,0.23700000000000002,0.0
0.181875,0.0,0.77,0.22999999999999998,2.0
0.3783916666666667,0.02033333333333333,0.5710000000000001,0.40858333333333335,0.0
0.2423,0.0,0.25,0.75,2.0
0.2310125,0.092625,0.616625,0.290875,0.0
0.16384285714285715,0.027,0.7448571428571429,0.22814285714285715,0.0
0.24114,0.0696,0.5561999999999999,0.3742,2.0
-0.038275,0.07875,0.85875,0.0625,2.0
0.006783333333333326,0.10099999999999999,0.7931666666666667,0.10583333333333333,0.0
0.29985,0.029666666666666664,0.605,0.3655,0.0
0.09501428571428572,0.02157142857142857,0.6794285714285715,0.2988571428571429,0.0
0.1411,0.060272727272727276,0.7762727272727272,0.16336363636363635,2.0
0.167105,0.10030000000000001,0.68485,0.21484999999999999,2.0
0.0,0.0,1.0,0.0,2.0
0.21386,0.0,0.5776,0.4224,0.0
0.18575,0.0,0.78425,0.21575,2.0
-0.018857142857142857,0.14657142857142857,0.6831428571428572,0.17028571428571432,0.0
0.2888722222222222,0.057555555555555554,0.539,0.4033333333333333,0.0
0.2454,0.05957142857142857,0.691,0.2492857142857143,2.0
0.0,0.0,1.0,0.0,0.0
-0.1366,0.156,0.7595000000000001,0.0845,2.0
0.2662466666666667,0.018400000000000003,0.7934666666666667,0.18813333333333335,2.0
0.1531,0.25,0.435,0.315,0.0
0.19219142857142854,0.030914285714285717,0.5791428571428572,0.38988571428571434,0.0
0.1468,0.0,0.8026666666666666,0.19733333333333333,2.0
0.24074193548387096,0.10183870967741936,0.6710967741935483,0.227,2.0
0.3127875,0.0,0.6665,0.3335,2.0
0.1773153846153846,0.07207692307692307,0.6568461538461539,0.27092307692307693,2.0
0.07898000000000001,0.0518,0.8259000000000001,0.12250000000000001,0.0
0.15012,0.0,0.9282,0.0718,2.0
0.24146842105263158,0.04447368421052631,0.7205789473684211,0.20857894736842106,0.0
0.0,0.0,1.0,0.0,0.0
0.03739333333333333,0.028399999999999998,0.9438,0.027800000000000002,2.0
0.3668181818181818,0.05527272727272727,0.6269090909090909,0.31781818181818183,0.0
0.15632142857142856,0.1032857142857143,0.5563571428571429,0.34049999999999997,2.0
0.2467692307692308,0.08230769230769232,0.5386153846153846,0.3790769230769231,2.0
0.0,0.0,1.0,0.0,0.0
0.19665000000000002,0.046700000000000005,0.7574,0.1958,0.0
-0.1045,0.413,0.587,0.0,2.0
0.3217444444444444,0.01711111111111111,0.5114444444444444,0.4714444444444445,2.0
0.036781818181818186,0.0,0.8181818181818182,0.18181818181818182,2.0
0.19442727272727273,0.0,0.7936363636363637,0.20636363636363636,0.0
0.21428000000000003,0.0218,0.6606,0.3176,0.0
0.304,0.07247368421052632,0.49215789473684207,0.43536842105263157,0.0
0.27123636363636366,0.04354545454545455,0.6883181818181818,0.26804545454545453,0.0
0.4588,0.0,0.571,0.429,2.0
0.2524375,0.08333333333333333,0.5798333333333333,0.3368333333333333,0.0
0.27285,0.027833333333333335,0.8446666666666666,0.12749999999999997,2.0
0.41181999999999996,0.0444,0.5415,0.41390000000000005,0.0
0.1199777777777778,0.09033333333333332,0.5805555555555555,0.3291111111111111,0.0
0.08982727272727273,0.02290909090909091,0.8523636363636363,0.12472727272727271,0.0
0.13894,0.0,0.774,0.22599999999999998,0.0
0.4404,0.0,0.256,0.744,2.0
0.22974999999999998,0.0,0.6611,0.33890000000000003,2.0
0.0,0.0,1.0,0.0,0.0
0.307425,0.0,0.6215625,0.3784375,0.0
0.4760400000000001,0.0,0.233,0.767,0.0
0.2632615384615385,0.0,0.748923076923077,0.2510769230769231,2.0
0.0,0.0,1.0,0.0,0.0
0.3691333333333333,0.009333333333333334,0.7001666666666666,0.2905,2.0
0.2294,0.0,0.5,0.5,0.0
-0.1531,0.307,0.455,0.239,2.0
0.33065,0.026875,0.77025,0.20287499999999997,2.0
0.2222846153846154,0.09584615384615384,0.5883076923076923,0.31584615384615383,2.0
0.6124,0.0,0.0,1.0,0.0
-0.12961538461538463,0.09253846153846154,0.8803846153846154,0.027076923076923075,2.0
0.403325,0.0,0.7945,0.20550000000000002,0.0
0.48525,0.0,0.6895,0.3105,2.0
0.12726666666666667,0.0,0.8116666666666666,0.18833333333333332,2.0
0.39692307692307693,0.047692307692307694,0.5214615384615384,0.4308461538461538,2.0
0.20158333333333334,0.025166666666666667,0.7668333333333334,0.208,2.0
0.4955,0.03975,0.6265833333333334,0.3336666666666666,0.0
0.3290888888888889,0.2222222222222222,0.123,0.6547777777777778,2.0
0.18508,0.2064,0.5589999999999999,0.2346,2.0
0.48264166666666664,0.06891666666666667,0.5754166666666667,0.35566666666666663,0.0
0.09411666666666667,0.056499999999999995,0.8663333333333334,0.07733333333333334,2.0
0.1291,0.02766666666666667,0.84275,0.12958333333333336,2.0
0.07121818181818183,0.20018181818181818,0.628909090909091,0.1709090909090909,0.0
0.30403939393939394,0.05321212121212121,0.5061515151515151,0.4406969696969697,0.0
0.0,0.0,1.0,0.0,0.0
0.07105806451612903,0.055870967741935486,0.7008064516129032,0.2433225806451613,0.0
0.06340000000000001,0.1309090909090909,0.7092727272727273,0.16,0.0
0.0,0.0,1.0,0.0,0.0
0.15012,0.06319999999999999,0.6185333333333334,0.31826666666666664,2.0
0.3490615384615384,0.0,0.5024615384615385,0.49753846153846154,2.0
0.029079999999999995,0.1136,0.6618,0.2246,2.0
0.37858,0.016266666666666665,0.6641333333333334,0.31960000000000005,0.0
0.0,0.0,1.0,0.0,0.0
0.3592714285714286,0.04814285714285714,0.662,0.2895714285714286,2.0
0.3983555555555556,0.0,0.5101111111111112,0.4898888888888889,0.0
0.22378928571428572,0.020499999999999997,0.7548214285714286,0.22467857142857145,2.0
0.392,0.0,0.348,0.652,0.0
0.43272222222222223,0.04633333333333333,0.605111111111111,0.34844444444444445,0.0
0.4603,0.0,0.5996470588235294,0.4003529411764706,2.0
0.6369,0.0,0.192,0.808,0.0
0.35852727272727275,0.030000000000000002,0.6405454545454545,0.3296363636363636,2.0
0.1591,0.0,0.5,0.5,0.0
0.3505375,0.0,0.5865625,0.4134375,2.0
0.3945166666666666,0.0,0.1505,0.8494999999999999,0.0
0.4588,0.0,0.0,1.0,0.0
0.20346470588235294,0.07841176470588235,0.5704117647058823,0.3512352941176471,2.0
0.52378,0.0586,0.497,0.4444,2.0
0.4939,0.0,0.238,0.762,2.0
0.12038076923076922,0.04711538461538462,0.7434615384615384,0.20942307692307693,0.0
0.32892777777777776,0.0,0.6272222222222221,0.37277777777777776,0.0
0.464225,0.0,0.484625,0.515375,2.0
0.3182,0.0,0.0,1.0,0.0
0.07746666666666666,0.357,0.342,0.301,0.0
0.0,0.0,1.0,0.0,0.0
0.10686,0.0668,0.7012,0.232,0.0
0.24966304347826088,0.05571739130434782,0.6648695652173913,0.25769565217391305,0.0
0.3192214285714286,0.04321428571428571,0.6765714285714285,0.2087857142857143,2.0
0.24841363636363634,0.08781818181818181,0.6003181818181819,0.31177272727272726,0.0
0.32897,0.154,0.4821,0.3637,2.0
0.3270391304347826,0.01582608695652174,0.6338260869565218,0.350304347826087,0.0
0.034181818181818195,0.27399999999999997,0.43863636363636366,0.28709090909090906,2.0
0.27491666666666664,0.0,0.7179166666666666,0.28208333333333335,0.0
0.19375,0.05097368421052631,0.7233421052631579,0.2256842105263158,2.0
0.18102333333333334,0.04406666666666667,0.5838333333333333,0.37216666666666665,2.0
0.2679333333333333,0.0,0.3333333333333333,0.6666666666666666,2.0
0.24973499999999998,0.0475,0.7279,0.2246,2.0
0.0,0.0,1.0,0.0,2.0
0.31962857142857143,0.02038095238095238,0.6895714285714286,0.29,0.0
0.04365000000000001,0.1082,0.757,0.1347,0.0
0.239204347826087,0.03960869565217391,0.6256956521739131,0.33469565217391306,0.0
-0.2023,0.109,0.807,0.084,2.0
0.2177,0.049,0.7504444444444444,0.20055555555555554,0.0
0.0,0.0,1.0,0.0,0.0
0.2085857142857143,0.0,0.6267857142857143,0.37321428571428567,2.0
0.34,0.152,0.562,0.287,2.0
0.31176976744186047,0.02983720930232558,0.5603488372093023,0.4098372093023256,2.0
0.6249,0.0,0.196,0.804,0.0
0.2239833333333333,0.011666666666666667,0.47733333333333333,0.511,0.0
0.4215,0.0,0.787,0.213,2.0
0.07533333333333332,0.1451111111111111,0.7166666666666667,0.13822222222222222,0.0
0.5267,0.0,0.227,0.773,0.0
0.14203333333333332,0.01525,0.8135,0.17133333333333334,0.0
0.1717190476190476,0.017380952380952382,0.7135714285714285,0.2690476190476191,2.0
0.33330000000000004,0.0855,0.4225,0.492,2.0
0.25755172413793104,0.07710344827586207,0.6594482758620689,0.2633793103448276,0.0
0.7906,0.0,0.5,0.5,2.0
0.40424,0.022,0.6557999999999999,0.3224,1.0
0.29233000000000003,0.014499999999999999,0.6900999999999999,0.2954,2.0
0.296,0.0,0.0,1.0,0.0
0.27621904761904764,0.01657142857142857,0.6637619047619048,0.31966666666666665,2.0
-0.24080000000000001,0.30333333333333334,0.6966666666666667,0.0,2.0
0.06903636363636365,0.09818181818181819,0.7280000000000001,0.17381818181818182,2.0
0.16688333333333336,0.0,0.7231666666666667,0.2768333333333333,2.0
0.054511363636363636,0.10956818181818181,0.7824090909090909,0.10802272727272727,0.0
0.34122499999999995,0.03191666666666667,0.60175,0.36633333333333334,0.0
0.29136666666666666,0.03966666666666666,0.774,0.18633333333333332,2.0
0.3477636363636364,0.03809090909090909,0.6977272727272728,0.26418181818181813,0.0
-0.11740999999999999,0.1223,0.8379,0.0397,0.0
0.13136666666666666,0.0,0.8468333333333332,0.15316666666666665,2.0
0.5994,0.0,0.672,0.328,2.0
-0.025733333333333334,0.041,0.923,0.036,0.0
0.1408,0.0,0.82975,0.17025,2.0
0.24915,0.0,0.4165,0.5835,0.0
-0.20095,0.0685,0.9315,0.0,0.0
0.09255500000000001,0.08705,0.6973499999999999,0.2156,2.0
-0.4588,0.154,0.783,0.063,2.0
-0.21692,0.18680000000000002,0.8131999999999999,0.0,0.0
0.1729,0.0,0.909375,0.090625,0.0
0.23113,0.0686,0.61825,0.31310000000000004,0.0
0.11173076923076922,0.06738461538461539,0.6956153846153845,0.237,0.0
0.26066923076923076,0.012461538461538461,0.7546923076923077,0.23284615384615387,0.0
0.5106,0.0,0.0,1.0,2.0
0.43035,0.0,0.25,0.75,2.0
0.22383333333333333,0.025333333333333333,0.597,0.37766666666666665,0.0
0.003124999999999989,0.09325,0.78625,0.1205,0.0
0.13747499999999999,0.0,0.705625,0.294375,0.0
0.28923529411764703,0.04047058823529411,0.4822941176470588,0.47723529411764704,2.0
0.2732,0.0,0.323,0.677,2.0
0.127225,0.05883333333333333,0.8313333333333333,0.10983333333333334,0.0
0.019379999999999998,0.1692,0.717,0.11379999999999998,2.0
0.08094615384615385,0.074,0.7213846153846154,0.20461538461538462,0.0
0.0,0.0,1.0,0.0,2.0
-0.01923999999999999,0.1036,0.7882,0.10819999999999999,2.0
0.6124,0.0,0.583,0.417,2.0
0.17102647058823528,0.059529411764705886,0.5601764705882353,0.3508823529411765,2.0
0.31995384615384614,0.0,0.6015384615384616,0.3215384615384615,2.0
-0.00019999999999999415,0.2040833333333333,0.5374166666666667,0.2585,2.0
0.0258,0.0,0.0,1.0,0.0
0.1398857142857143,0.0,0.712,0.288,1.0
0.3306081081081081,0.03489189189189189,0.6541891891891892,0.31086486486486486,0.0
0.4104421052631579,0.024526315789473684,0.6849473684210526,0.2905263157894737,2.0
0.0,0.0,1.0,0.0,2.0
0.1626857142857143,0.0,0.5714285714285714,0.42857142857142855,2.0
0.5245666666666666,0.0,0.13866666666666666,0.8613333333333334,2.0
0.3076095238095238,0.08076190476190476,0.5655238095238095,0.3538095238095238,0.0
0.3025333333333333,0.0,0.36333333333333334,0.6366666666666667,2.0
0.12274666666666668,0.03453333333333333,0.7557333333333334,0.20973333333333333,2.0
0.09718181818181817,0.03945454545454546,0.88,0.08054545454545455,0.0
0.03088,0.0792,0.8315999999999999,0.0892,2.0
0.14045357142857143,0.030571428571428572,0.7261428571428572,0.24335714285714286,2.0
0.0,0.0,1.0,0.0,0.0
0.12693478260869567,0.07434782608695652,0.7064347826086957,0.2192173913043478,2.0
-0.06846666666666666,0.146,0.8540000000000001,0.0,2.0
0.25176,0.027600000000000003,0.792,0.18039999999999998,2.0
0.30993333333333334,0.0,0.7535,0.24650000000000002,2.0
0.3928121212121212,0.026787878787878788,0.45115151515151514,0.5220606060606061,2.0
0.191225,0.013722222222222222,0.685,0.3012222222222222,0.0
0.35175,0.00875,0.524375,0.466875,2.0
0.17968823529411765,0.04264705882352941,0.6988823529411765,0.2584705882352941,2.0
0.4574428571428571,0.0,0.6849999999999999,0.315,2.0
0.02210526315789473,0.11147368421052631,0.7607368421052632,0.12778947368421054,0.0
0.0,0.0,1.0,0.0,2.0
0.06978999999999999,0.0252,0.74,0.23479999999999998,2.0
0.21075,0.0,0.5,0.5,0.0
0.2078565217391304,0.00808695652173913,0.8192608695652174,0.1726521739130435,0.0
0.0,0.0,1.0,0.0,2.0
-0.22844000000000003,0.472,0.528,0.0,2.0
0.18776666666666664,0.06949999999999999,0.6251666666666666,0.30533333333333335,0.0
0.1468,0.0,0.9513333333333334,0.048666666666666664,2.0
0.6249,0.0,0.494,0.506,0.0
0.27793999999999996,0.0,0.7779999999999999,0.22199999999999998,2.0
0.2544857142857143,0.0,0.7117142857142857,0.28828571428571426,0.0
0.3326,0.052,0.5576666666666666,0.39033333333333337,2.0
0.37353636363636367,0.03618181818181818,0.4811818181818182,0.4827272727272728,0.0
0.0,0.0,1.0,0.0,0.0
-0.4404,0.661,0.339,0.0,2.0
0.49507142857142855,0.047952380952380955,0.5242380952380953,0.4278095238095238,2.0
0.19896666666666665,0.06083333333333333,0.7785000000000001,0.16066666666666665,0.0
0.3979333333333333,0.12166666666666666,0.557,0.3213333333333333,2.0
0.1642970588235294,0.07029411764705883,0.5938823529411765,0.3358235294117647,2.0
0.4463,0.062375,0.6835,0.254125,2.0
0.22921666666666668,0.1094,0.5959333333333333,0.2946666666666667,2.0
0.0,0.0,1.0,0.0,2.0
0.02989999999999999,0.07444444444444445,0.7265555555555555,0.19899999999999998,2.0
0.17507142857142857,0.15257142857142858,0.5801428571428572,0.2672857142857143,2.0
0.3633,0.05085714285714286,0.542952380952381,0.40619047619047616,2.0
0.3893,0.03885714285714286,0.32399999999999995,0.6371428571428571,2.0
0.802,0.0,0.122,0.878,2.0
0.20907692307692308,0.060153846153846155,0.5689230769230769,0.3710769230769231,0.0
-0.05404999999999999,0.331,0.5875,0.0815,2.0
0.11406153846153845,0.023615384615384614,0.8339230769230769,0.1423846153846154,2.0
0.055220000000000005,0.13885,0.49734999999999996,0.3638,2.0
0.14245,0.143,0.45499999999999996,0.402,2.0
0.05808333333333333,0.035416666666666666,0.8444166666666666,0.12016666666666666,2.0
0.13035714285714287,0.04014285714285715,0.7381428571428571,0.22171428571428572,0.0
0.07650222222222222,0.12395555555555557,0.7008888888888889,0.17506666666666668,0.0
0.0744,0.0858,0.7268,0.1874,2.0
0.4760285714285714,0.0,0.6020000000000001,0.398,0.0
0.16878888888888888,0.02622222222222222,0.8477777777777777,0.126,2.0
0.533675,0.0,0.61975,0.38025,2.0
0.07760357142857144,0.07353571428571429,0.7967857142857142,0.12967857142857142,2.0
0.0,0.0,1.0,0.0,2.0
0.3104,0.0265,0.5504166666666667,0.42324999999999996,2.0
-0.08805,0.08800000000000001,0.8903333333333334,0.021666666666666667,0.0
0.13038235294117648,0.05276470588235294,0.8102352941176472,0.13705882352941176,2.0
0.16267500000000001,0.0,0.6577500000000001,0.34225,2.0
0.2037,0.0,0.6,0.4,0.0
0.35015,0.0,0.8275,0.1725,0.0
0.19226000000000001,0.0,0.8503999999999999,0.1496,0.0
0.3889,0.0,0.82075,0.17925,2.0
0.18444827586206897,0.043448275862068966,0.7593448275862069,0.19720689655172413,0.0
0.0,0.0,1.0,0.0,0.0
0.1366,0.0,0.896,0.104,2.0
0.16038,0.1444,0.7018,0.154,0.0
0.11621666666666668,0.0,0.8995000000000001,0.10049999999999999,0.0
-0.2500375,0.12137500000000001,0.823625,0.055,0.0
0.08704444444444444,0.03177777777777777,0.7927777777777778,0.17544444444444443,0.0
0.24904074074074073,0.08022222222222222,0.6821851851851852,0.23762962962962964,2.0
0.41658,0.0128,0.8141999999999999,0.1728,2.0
0.018616666666666653,0.1435,0.7871666666666667,0.06933333333333333,0.0
0.05923076923076923,0.03761538461538461,0.691076923076923,0.2712307692307692,2.0
0.8555,0.106,0.546,0.348,2.0
0.16767,0.06475,0.7208,0.2144,0.0
0.19801052631578947,0.05747368421052632,0.6641578947368421,0.27836842105263154,0.0
0.01531666666666665,0.15483333333333335,0.4076666666666667,0.4375,0.0
0.17791538461538461,0.010384615384615384,0.7509230769230769,0.23869230769230768,2.0
-0.08895,0.056,0.906,0.038,0.0
0.155175,0.0985,0.575,0.3265,0.0
0.09426666666666668,0.024999999999999998,0.898,0.077,2.0
0.23269,0.0429,0.6825,0.2746,2.0
0.20342,0.04226666666666667,0.6809999999999999,0.27673333333333333,2.0
0.11473529411764705,0.08558823529411765,0.7156470588235294,0.19870588235294118,0.0
0.0,0.0,1.0,0.0,2.0
0.13787142857142856,0.0,0.8557142857142858,0.1442857142857143,0.0
0.0,0.0,1.0,0.0,0.0
0.15648,0.11479999999999999,0.7176,0.1676,0.0
0.32317999999999997,0.026600000000000002,0.5972,0.3762,2.0
0.0,0.0,1.0,0.0,2.0
0.09740769230769232,0.09123076923076923,0.6843846153846154,0.2243846153846154,2.0
0.25417142857142855,0.023857142857142858,0.47985714285714287,0.49628571428571433,2.0
-0.07702727272727274,0.16218181818181818,0.750090909090909,0.08772727272727274,0.0
0.5994,0.0,0.204,0.796,2.0
0.2293,0.0194,0.7744,0.2061,2.0
0.21058888888888888,0.07411111111111111,0.6097777777777778,0.3161111111111111,0.0
0.0477,0.125,0.8375,0.0375,0.0
0.08565,0.1547777777777778,0.43844444444444447,0.4068333333333333,2.0
-0.025675,0.25,0.75,0.0,0.0
0.1723909090909091,0.09554545454545454,0.5747272727272728,0.32981818181818184,2.0
0.24657142857142858,0.11592857142857142,0.4107857142857143,0.4732857142857143,0.0
-0.3612,0.2,0.8,0.0,0.0
0.15460000000000002,0.10976923076923077,0.6586923076923077,0.23146153846153844,2.0
0.0,0.0,1.0,0.0,0.0
0.11711428571428571,0.012333333333333333,0.8114761904761905,0.1761904761904762,0.0
0.0,0.0,1.0,0.0,2.0
0.23418125,0.0264375,0.7360625,0.2375,2.0
0.0,0.0,1.0,0.0,2.0
0.35263333333333335,0.036166666666666666,0.7453333333333333,0.2185,2.0
0.1539,0.1285,0.661,0.21000000000000002,0.0
0.246525,0.079,0.6614375,0.259625,2.0
0.22074444444444447,0.024,0.7242222222222222,0.25177777777777777,2.0
0.2543666666666667,0.0,0.8093333333333333,0.19066666666666668,2.0
0.13645625,0.09493750000000001,0.588875,0.3161875,0.0
0.5079,0.0,0.6697500000000001,0.33025,0.0
0.4019,0.0,0.0,1.0,0.0
-0.20993333333333333,0.32966666666666666,0.6156666666666667,0.05466666666666667,2.0
0.0476,0.0795,0.76375,0.15675,0.0
0.0,0.0,1.0,0.0,2.0
0.17162222222222223,0.10255555555555557,0.559,0.3384444444444445,0.0
0.0,0.0,1.0,0.0,0.0
0.29973333333333335,0.0,0.502,0.498,0.0
0.4215,0.0,0.0,1.0,0.0
0.30494,0.061399999999999996,0.7274,0.2112,0.0
0.4019,0.0,0.526,0.474,2.0
-0.8225,0.518,0.482,0.0,0.0
0.2646,0.0,0.75025,0.24975,2.0
0.3484,0.07716666666666666,0.5525,0.37033333333333335,2.0
0.0772,0.0,0.755,0.245,0.0
0.20095,0.0,0.635,0.365,0.0
-0.008100000000000005,0.047999999999999994,0.8815,0.0705,2.0
0.17290833333333333,0.022250000000000002,0.78425,0.1935,2.0
0.2632,0.0,0.675,0.325,2.0
0.17025925925925928,0.06303703703703703,0.695037037037037,0.24192592592592593,0.0
0.4496,0.121,0.28300000000000003,0.596,2.0
0.15886666666666668,0.11033333333333334,0.3635,0.5261666666666667,0.0
0.08767777777777779,0.2506666666666667,0.5454444444444444,0.2038888888888889,0.0
0.4088,0.0,0.5,0.5,0.0
0.0,0.0,1.0,0.0,2.0
0.5397333333333334,0.036,0.548,0.416,2.0
0.3326,0.095,0.3645,0.5405,0.0
0.4588,0.0,0.4,0.6,0.0
0.1041125,0.07475,0.7987500000000001,0.12658333333333335,2.0
0.07126666666666666,0.07066666666666667,0.8006666666666667,0.12866666666666668,2.0
0.10153333333333332,0.10066666666666667,0.7986666666666666,0.10066666666666667,0.0
0.07997916666666667,0.08666666666666667,0.7217083333333334,0.19166666666666665,0.0
0.3532666666666666,0.011444444444444445,0.633,0.3556666666666667,0.0
0.3592,0.0,0.625,0.375,0.0
0.18116666666666667,0.072,0.6044999999999999,0.3235,2.0
0.13856666666666664,0.02625,0.7919166666666667,0.18183333333333332,2.0
0.17471666666666666,0.025249999999999998,0.8218333333333333,0.15291666666666667,0.0
-0.021954999999999995,0.1685,0.5563,0.27525,2.0
0.31143333333333334,0.0,0.5486666666666666,0.45133333333333336,0.0
0.014520000000000022,0.0898,0.795,0.1152,0.0
0.0008749999999999938,0.104,0.749375,0.146625,0.0
0.18824999999999997,0.0,0.731,0.269,2.0
0.46113333333333334,0.0,0.614,0.38599999999999995,2.0
0.2296857142857143,0.01257142857142857,0.7422857142857142,0.24514285714285713,2.0
-0.25,0.431,0.278,0.292,2.0
-0.12331428571428574,0.19599999999999998,0.6091428571428572,0.19485714285714284,0.0
0.2541875,0.0335,0.6865,0.279875,0.0
0.039172000000000005,0.057960000000000005,0.738,0.20404,0.0
0.07920833333333334,0.081,0.5058333333333334,0.32983333333333337,2.0
0.2802344827586207,0.09162068965517242,0.5614137931034482,0.3469655172413793,0.0
0.15810000000000002,0.0,0.73725,0.26275,2.0
0.2234,0.031,0.713,0.25575,2.0
0.2978,0.0,0.7703333333333333,0.22966666666666669,2.0
0.42115,0.0,0.128,0.872,2.0
0.4676666666666667,0.043333333333333335,0.4076666666666666,0.549,0.0
0.11021176470588236,0.10041176470588235,0.759764705882353,0.13976470588235293,2.0
-0.5719,0.174,0.756,0.07,0.0
0.1000375,0.082125,0.643625,0.274125,0.0
0.11526153846153846,0.03823076923076923,0.815076923076923,0.1466923076923077,0.0
0.22383000000000003,0.060399999999999995,0.64665,0.29295,0.0
