,Date,Label,Price
0,2017-01-03,OPEN,42.97200012207031
1,2017-01-03,CLOSE,43.39799880981445
2,2017-01-04,OPEN,42.95000076293945
3,2017-01-04,CLOSE,45.39799880981445
4,2017-01-05,OPEN,45.28400039672852
5,2017-01-05,CLOSE,45.34999847412109
6,2017-01-06,OPEN,45.38600158691406
7,2017-01-06,CLOSE,45.80199813842773
8,2017-01-09,OPEN,45.79399871826172
9,2017-01-09,CLOSE,46.25600051879883
10,2017-01-10,OPEN,46.400001525878906
11,2017-01-10,CLOSE,45.9739990234375
12,2017-01-11,OPEN,45.81399917602539
13,2017-01-11,CLOSE,45.94599914550781
14,2017-01-12,OPEN,45.8120002746582
15,2017-01-12,CLOSE,45.917999267578125
16,2017-01-13,OPEN,46.0
17,2017-01-13,CLOSE,47.54999923706055
18,2017-01-17,OPEN,47.34000015258789
19,2017-01-17,CLOSE,47.11600112915039
20,2017-01-18,OPEN,47.33000183105469
21,2017-01-18,CLOSE,47.672000885009766
22,2017-01-19,OPEN,49.45000076293945
23,2017-01-19,CLOSE,48.75199890136719
24,2017-01-20,OPEN,49.09199905395508
25,2017-01-20,CLOSE,48.94599914550781
26,2017-01-23,OPEN,49.16999816894531
27,2017-01-23,CLOSE,49.78400039672852
28,2017-01-24,OPEN,50.0
29,2017-01-24,CLOSE,50.922000885009766
30,2017-01-25,OPEN,51.46200180053711
31,2017-01-25,CLOSE,50.89400100708008
32,2017-01-26,OPEN,50.858001708984375
33,2017-01-26,CLOSE,50.50199890136719
34,2017-01-27,OPEN,50.2760009765625
35,2017-01-27,CLOSE,50.59000015258789
36,2017-01-30,OPEN,50.50600051879883
37,2017-01-30,CLOSE,50.1259994506836
38,2017-01-31,OPEN,49.84799957275391
39,2017-01-31,CLOSE,50.38600158691406
40,2017-02-01,OPEN,50.61000061035156
41,2017-02-01,CLOSE,49.84799957275391
42,2017-02-02,OPEN,49.667999267578125
43,2017-02-02,CLOSE,50.310001373291016
44,2017-02-03,OPEN,50.38199996948242
45,2017-02-03,CLOSE,50.26599884033203
46,2017-02-06,OPEN,50.20000076293945
47,2017-02-06,CLOSE,51.55400085449219
48,2017-02-07,OPEN,51.63800048828125
49,2017-02-07,CLOSE,51.49599838256836
50,2017-02-08,OPEN,51.470001220703125
51,2017-02-08,CLOSE,52.41600036621094
52,2017-02-09,OPEN,53.25
53,2017-02-09,CLOSE,53.84000015258789
54,2017-02-10,OPEN,53.95800018310547
55,2017-02-10,CLOSE,53.84600067138672
56,2017-02-13,OPEN,54.14799880981445
57,2017-02-13,CLOSE,56.119998931884766
58,2017-02-14,OPEN,55.805999755859375
59,2017-02-14,CLOSE,56.19599914550781
60,2017-02-15,OPEN,56.0
61,2017-02-15,CLOSE,55.95199966430664
62,2017-02-16,OPEN,55.52000045776367
63,2017-02-16,CLOSE,53.790000915527344
64,2017-02-17,OPEN,53.15999984741211
65,2017-02-17,CLOSE,54.44599914550781
66,2017-02-21,OPEN,55.09000015258789
67,2017-02-21,CLOSE,55.47800064086914
68,2017-02-22,OPEN,56.0620002746582
69,2017-02-22,CLOSE,54.70199966430664
70,2017-02-23,OPEN,52.79999923706055
71,2017-02-23,CLOSE,51.198001861572266
72,2017-02-24,OPEN,50.53200149536133
73,2017-02-24,CLOSE,51.400001525878906
74,2017-02-27,OPEN,49.63399887084961
75,2017-02-27,CLOSE,49.24599838256836
76,2017-02-28,OPEN,48.8380012512207
77,2017-02-28,CLOSE,49.99800109863281
78,2017-03-01,OPEN,50.83599853515625
79,2017-03-01,CLOSE,50.00400161743164
80,2017-03-02,OPEN,49.94200134277344
81,2017-03-02,CLOSE,50.09600067138672
82,2017-03-03,OPEN,50.14799880981445
83,2017-03-03,CLOSE,50.31399917602539
84,2017-03-06,OPEN,49.58200073242188
85,2017-03-06,CLOSE,50.242000579833984
86,2017-03-07,OPEN,50.38399887084961
87,2017-03-07,CLOSE,49.71799850463867
88,2017-03-08,OPEN,49.400001525878906
89,2017-03-08,CLOSE,49.374000549316406
90,2017-03-09,OPEN,49.5260009765625
91,2017-03-09,CLOSE,48.97999954223633
92,2017-03-10,OPEN,49.242000579833984
93,2017-03-10,CLOSE,48.73799896240234
94,2017-03-13,OPEN,48.9640007019043
95,2017-03-13,CLOSE,49.23400115966797
96,2017-03-14,OPEN,49.22200012207031
97,2017-03-14,CLOSE,51.59999847412109
98,2017-03-15,OPEN,51.400001525878906
99,2017-03-15,CLOSE,51.14599990844727
100,2017-03-16,OPEN,52.47999954223633
101,2017-03-16,CLOSE,52.40999984741211
102,2017-03-17,OPEN,52.79999923706055
103,2017-03-17,CLOSE,52.29999923706055
104,2017-03-20,OPEN,52.119998931884766
105,2017-03-20,CLOSE,52.38399887084961
106,2017-03-21,OPEN,52.56600189208984
107,2017-03-21,CLOSE,50.13600158691406
108,2017-03-22,OPEN,50.3120002746582
109,2017-03-22,CLOSE,51.00199890136719
110,2017-03-23,OPEN,51.07799911499024
111,2017-03-23,CLOSE,50.95600128173828
112,2017-03-24,OPEN,51.13999938964844
113,2017-03-24,CLOSE,52.63199996948242
114,2017-03-27,OPEN,52.119998931884766
115,2017-03-27,CLOSE,54.04399871826172
116,2017-03-28,OPEN,55.40399932861328
117,2017-03-28,CLOSE,55.4900016784668
118,2017-03-29,OPEN,55.667999267578125
119,2017-03-29,CLOSE,55.47600173950195
120,2017-03-30,OPEN,55.608001708984375
121,2017-03-30,CLOSE,55.58399963378906
122,2017-03-31,OPEN,55.74599838256836
123,2017-03-31,CLOSE,55.65999984741211
124,2017-04-03,OPEN,57.380001068115234
125,2017-04-03,CLOSE,59.70399856567383
126,2017-04-04,OPEN,59.37799835205078
127,2017-04-04,CLOSE,60.7400016784668
128,2017-04-05,OPEN,60.40800094604492
129,2017-04-05,CLOSE,59.0
130,2017-04-06,OPEN,59.3759994506836
131,2017-04-06,CLOSE,59.7400016784668
132,2017-04-07,OPEN,59.5
133,2017-04-07,CLOSE,60.507999420166016
134,2017-04-10,OPEN,61.83000183105469
135,2017-04-10,CLOSE,62.47800064086914
136,2017-04-11,OPEN,62.67599868774414
137,2017-04-11,CLOSE,61.742000579833984
138,2017-04-12,OPEN,61.26800155639648
139,2017-04-12,CLOSE,59.36800003051758
140,2017-04-13,OPEN,59.34000015258789
141,2017-04-13,CLOSE,60.79999923706055
142,2017-04-17,OPEN,60.540000915527344
143,2017-04-17,CLOSE,60.28799819946289
144,2017-04-18,OPEN,59.93999862670898
145,2017-04-18,CLOSE,60.04999923706055
146,2017-04-19,OPEN,60.492000579833984
147,2017-04-19,CLOSE,61.104000091552734
148,2017-04-20,OPEN,61.30199813842773
149,2017-04-20,CLOSE,60.50199890136719
150,2017-04-21,OPEN,60.400001525878906
151,2017-04-21,CLOSE,61.119998931884766
152,2017-04-24,OPEN,61.84400177001953
153,2017-04-24,CLOSE,61.60599899291992
154,2017-04-25,OPEN,61.59999847412109
155,2017-04-25,CLOSE,62.757999420166016
156,2017-04-26,OPEN,62.4739990234375
157,2017-04-26,CLOSE,62.03400039672852
158,2017-04-27,OPEN,62.3380012512207
159,2017-04-27,CLOSE,61.72600173950195
160,2017-04-28,OPEN,61.96599960327149
161,2017-04-28,CLOSE,62.81399917602539
162,2017-05-01,OPEN,62.97600173950195
163,2017-05-01,CLOSE,64.56600189208984
164,2017-05-02,OPEN,64.80000305175781
165,2017-05-02,CLOSE,63.77799987792969
166,2017-05-03,OPEN,63.53400039672852
167,2017-05-03,CLOSE,62.20399856567383
168,2017-05-04,OPEN,61.48799896240234
169,2017-05-04,CLOSE,59.09199905395508
170,2017-05-05,OPEN,59.59999847412109
171,2017-05-05,CLOSE,61.66999816894531
172,2017-05-08,OPEN,62.18000030517578
173,2017-05-08,CLOSE,61.4379997253418
174,2017-05-09,OPEN,61.8759994506836
175,2017-05-09,CLOSE,64.25199890136719
176,2017-05-10,OPEN,64.31199645996094
177,2017-05-10,CLOSE,65.04399871826172
178,2017-05-11,OPEN,64.68000030517578
179,2017-05-11,CLOSE,64.62000274658203
180,2017-05-12,OPEN,65.09600067138672
181,2017-05-12,CLOSE,64.96199798583984
182,2017-05-15,OPEN,63.67599868774414
183,2017-05-15,CLOSE,63.17599868774414
184,2017-05-16,OPEN,63.51800155639648
185,2017-05-16,CLOSE,63.402000427246094
186,2017-05-17,OPEN,62.87799835205078
187,2017-05-17,CLOSE,61.22200012207031
188,2017-05-18,OPEN,61.400001525878906
189,2017-05-18,CLOSE,62.61199951171875
190,2017-05-19,OPEN,63.09999847412109
191,2017-05-19,CLOSE,62.16600036621094
192,2017-05-22,OPEN,62.560001373291016
193,2017-05-22,CLOSE,62.06999969482422
194,2017-05-23,OPEN,62.09199905395508
195,2017-05-23,CLOSE,60.77199935913086
196,2017-05-24,OPEN,61.30199813842773
197,2017-05-24,CLOSE,62.04399871826172
198,2017-05-25,OPEN,62.20399856567383
199,2017-05-25,CLOSE,63.36600112915039
200,2017-05-26,OPEN,63.45600128173828
201,2017-05-26,CLOSE,65.02799987792969
202,2017-05-30,OPEN,65.19999694824219
203,2017-05-30,CLOSE,67.0199966430664
204,2017-05-31,OPEN,67.53800201416016
205,2017-05-31,CLOSE,68.2020034790039
206,2017-06-01,OPEN,68.80000305175781
207,2017-06-01,CLOSE,68.0739974975586
208,2017-06-02,OPEN,67.9540023803711
209,2017-06-02,CLOSE,67.97000122070312
210,2017-06-05,OPEN,67.69999694824219
211,2017-06-05,CLOSE,69.46399688720703
212,2017-06-06,OPEN,68.94000244140625
213,2017-06-06,CLOSE,70.56999969482422
214,2017-06-07,OPEN,71.26799774169922
215,2017-06-07,CLOSE,71.93000030517578
216,2017-06-08,OPEN,72.75
217,2017-06-08,CLOSE,74.0
218,2017-06-09,OPEN,74.88400268554688
219,2017-06-09,CLOSE,71.46399688720703
220,2017-06-12,OPEN,71.5979995727539
221,2017-06-12,CLOSE,71.802001953125
222,2017-06-13,OPEN,73.52400207519531
223,2017-06-13,CLOSE,75.19000244140625
224,2017-06-14,OPEN,76.21800231933594
225,2017-06-14,CLOSE,76.13200378417969
226,2017-06-15,OPEN,74.5
227,2017-06-15,CLOSE,75.06800079345703
228,2017-06-16,OPEN,75.59600067138672
229,2017-06-16,CLOSE,74.27999877929688
230,2017-06-19,OPEN,75.0
231,2017-06-19,CLOSE,73.95999908447266
232,2017-06-20,OPEN,75.33399963378906
233,2017-06-20,CLOSE,74.447998046875
234,2017-06-21,OPEN,74.87000274658203
235,2017-06-21,CLOSE,75.27999877929688
236,2017-06-22,OPEN,75.5979995727539
237,2017-06-22,CLOSE,76.52200317382812
238,2017-06-23,OPEN,76.48999786376953
239,2017-06-23,CLOSE,76.69000244140625
240,2017-06-26,OPEN,77.33799743652344
241,2017-06-26,CLOSE,75.49800109863281
242,2017-06-27,OPEN,75.27999877929688
243,2017-06-27,CLOSE,72.4739990234375
244,2017-06-28,OPEN,73.33599853515625
245,2017-06-28,CLOSE,74.24800109863281
246,2017-06-29,OPEN,74.12200164794922
247,2017-06-29,CLOSE,72.1500015258789
248,2017-06-30,OPEN,72.74199676513672
249,2017-06-30,CLOSE,72.3219985961914
250,2017-07-03,OPEN,74.0479965209961
251,2017-07-03,CLOSE,70.52400207519531
252,2017-07-05,OPEN,69.44000244140625
253,2017-07-05,CLOSE,65.41799926757812
254,2017-07-06,OPEN,63.45199966430664
255,2017-07-06,CLOSE,61.76599884033203
256,2017-07-07,OPEN,62.70000076293945
257,2017-07-07,CLOSE,62.64400100708008
258,2017-07-10,OPEN,62.58000183105469
259,2017-07-10,CLOSE,63.209999084472656
260,2017-07-11,OPEN,63.20000076293945
261,2017-07-11,CLOSE,65.44400024414062
262,2017-07-12,OPEN,66.08000183105469
263,2017-07-12,CLOSE,65.90399932861328
264,2017-07-13,OPEN,66.02200317382812
265,2017-07-13,CLOSE,64.68199920654297
266,2017-07-14,OPEN,64.63800048828125
267,2017-07-14,CLOSE,65.55599975585938
268,2017-07-17,OPEN,65.10800170898438
269,2017-07-17,CLOSE,63.91400146484375
270,2017-07-18,OPEN,63.5
271,2017-07-18,CLOSE,65.64800262451172
272,2017-07-19,OPEN,65.64600372314453
273,2017-07-19,CLOSE,65.052001953125
274,2017-07-20,OPEN,65.37999725341797
275,2017-07-20,CLOSE,65.98400115966797
276,2017-07-21,OPEN,65.89199829101562
277,2017-07-21,CLOSE,65.68000030517578
278,2017-07-24,OPEN,66.0479965209961
279,2017-07-24,CLOSE,68.50399780273438
280,2017-07-25,OPEN,69.0
281,2017-07-25,CLOSE,67.91999816894531
282,2017-07-26,OPEN,68.0719985961914
283,2017-07-26,CLOSE,68.7699966430664
284,2017-07-27,OPEN,69.19999694824219
285,2017-07-27,CLOSE,66.89199829101562
286,2017-07-28,OPEN,67.37799835205078
287,2017-07-28,CLOSE,67.01399993896484
288,2017-07-31,OPEN,67.0999984741211
289,2017-07-31,CLOSE,64.69400024414062
290,2017-08-01,OPEN,64.5999984741211
291,2017-08-01,CLOSE,63.91400146484375
292,2017-08-02,OPEN,63.78799819946289
293,2017-08-02,CLOSE,65.1780014038086
294,2017-08-03,OPEN,69.06600189208984
295,2017-08-03,CLOSE,69.41799926757812
296,2017-08-04,OPEN,69.4000015258789
297,2017-08-04,CLOSE,71.38200378417969
298,2017-08-07,OPEN,71.47000122070312
299,2017-08-07,CLOSE,71.03399658203125
300,2017-08-08,OPEN,71.50599670410156
301,2017-08-08,CLOSE,73.04399871826172
302,2017-08-09,OPEN,72.19999694824219
303,2017-08-09,CLOSE,72.70600128173828
304,2017-08-10,OPEN,72.31999969482422
305,2017-08-10,CLOSE,71.08000183105469
306,2017-08-11,OPEN,71.39399719238281
307,2017-08-11,CLOSE,71.5739974975586
308,2017-08-14,OPEN,72.9260025024414
309,2017-08-14,CLOSE,72.76000213623047
310,2017-08-15,OPEN,73.04000091552734
311,2017-08-15,CLOSE,72.46600341796875
312,2017-08-16,OPEN,72.5999984741211
313,2017-08-16,CLOSE,72.58200073242188
314,2017-08-17,OPEN,72.24199676513672
315,2017-08-17,CLOSE,70.38400268554688
316,2017-08-18,OPEN,70.58200073242188
317,2017-08-18,CLOSE,69.49199676513672
318,2017-08-21,OPEN,69.16400146484375
319,2017-08-21,CLOSE,67.5719985961914
320,2017-08-22,OPEN,68.22599792480469
321,2017-08-22,CLOSE,68.2699966430664
322,2017-08-23,OPEN,67.7979965209961
323,2017-08-23,CLOSE,70.55400085449219
324,2017-08-24,OPEN,70.50399780273438
325,2017-08-24,CLOSE,70.58599853515625
326,2017-08-25,OPEN,70.8479995727539
327,2017-08-25,CLOSE,69.61000061035156
328,2017-08-28,OPEN,69.45600128173828
329,2017-08-28,CLOSE,69.13200378417969
330,2017-08-29,OPEN,67.89600372314453
331,2017-08-29,CLOSE,69.47200012207031
332,2017-08-30,OPEN,69.93399810791016
333,2017-08-30,CLOSE,70.63600158691406
334,2017-08-31,OPEN,70.70999908447266
335,2017-08-31,CLOSE,71.18000030517578
336,2017-09-01,OPEN,71.2239990234375
337,2017-09-01,CLOSE,71.08000183105469
338,2017-09-05,OPEN,70.76000213623047
339,2017-09-05,CLOSE,69.91799926757812
340,2017-09-06,OPEN,69.9000015258789
341,2017-09-06,CLOSE,68.90599822998047
342,2017-09-07,OPEN,69.19599914550781
343,2017-09-07,CLOSE,70.12200164794922
344,2017-09-08,OPEN,69.7979965209961
345,2017-09-08,CLOSE,68.68000030517578
346,2017-09-11,OPEN,70.2699966430664
347,2017-09-11,CLOSE,72.73799896240234
348,2017-09-12,OPEN,72.89800262451172
349,2017-09-12,CLOSE,72.55000305175781
350,2017-09-13,OPEN,72.76399993896484
351,2017-09-13,CLOSE,73.24600219726562
352,2017-09-14,OPEN,72.86599731445312
353,2017-09-14,CLOSE,75.52799987792969
354,2017-09-15,OPEN,74.9020004272461
355,2017-09-15,CLOSE,75.96199798583984
356,2017-09-18,OPEN,76.05000305175781
357,2017-09-18,CLOSE,77.0
358,2017-09-19,OPEN,76.0
359,2017-09-19,CLOSE,75.0199966430664
360,2017-09-20,OPEN,74.5999984741211
361,2017-09-20,CLOSE,74.78199768066406
362,2017-09-21,OPEN,74.9800033569336
363,2017-09-21,CLOSE,73.2959976196289
364,2017-09-22,OPEN,73.2979965209961
365,2017-09-22,CLOSE,70.21800231933594
366,2017-09-25,OPEN,70.62999725341797
367,2017-09-25,CLOSE,68.99800109863281
368,2017-09-26,OPEN,70.18599700927734
369,2017-09-26,CLOSE,69.05000305175781
370,2017-09-27,OPEN,69.9800033569336
371,2017-09-27,CLOSE,68.19400024414062
372,2017-09-28,OPEN,67.97599792480469
373,2017-09-28,CLOSE,67.91999816894531
374,2017-09-29,OPEN,68.37200164794922
375,2017-09-29,CLOSE,68.22000122070312
376,2017-10-02,OPEN,68.50399780273438
377,2017-10-02,CLOSE,68.30599975585938
378,2017-10-03,OPEN,67.18000030517578
379,2017-10-03,CLOSE,69.62799835205078
380,2017-10-04,OPEN,70.25
381,2017-10-04,CLOSE,71.00199890136719
382,2017-10-05,OPEN,71.19999694824219
383,2017-10-05,CLOSE,71.06600189208984
384,2017-10-06,OPEN,70.62000274658203
385,2017-10-06,CLOSE,71.3759994506836
386,2017-10-09,OPEN,69.93000030517578
387,2017-10-09,CLOSE,68.58799743652344
388,2017-10-10,OPEN,69.36000061035156
389,2017-10-10,CLOSE,71.11799621582031
390,2017-10-11,OPEN,70.77799987792969
391,2017-10-11,CLOSE,70.91999816894531
392,2017-10-12,OPEN,70.58999633789062
393,2017-10-12,CLOSE,71.13600158691406
394,2017-10-13,OPEN,71.39600372314453
395,2017-10-13,CLOSE,71.11399841308594
396,2017-10-16,OPEN,70.75199890136719
397,2017-10-16,CLOSE,70.12000274658203
398,2017-10-17,OPEN,70.18199920654297
399,2017-10-17,CLOSE,71.1500015258789
400,2017-10-18,OPEN,71.19400024414062
401,2017-10-18,CLOSE,71.93000030517578
402,2017-10-19,OPEN,71.11199951171875
403,2017-10-19,CLOSE,70.36199951171875
404,2017-10-20,OPEN,70.53800201416016
405,2017-10-20,CLOSE,69.0199966430664
406,2017-10-23,OPEN,69.97599792480469
407,2017-10-23,CLOSE,67.40399932861328
408,2017-10-24,OPEN,67.76000213623047
409,2017-10-24,CLOSE,67.46800231933594
410,2017-10-25,OPEN,67.33999633789062
411,2017-10-25,CLOSE,65.16799926757812
412,2017-10-26,OPEN,65.55599975585938
413,2017-10-26,CLOSE,65.23400115966797
414,2017-10-27,OPEN,63.95000076293945
415,2017-10-27,CLOSE,64.17400360107422
416,2017-10-30,OPEN,63.83599853515625
417,2017-10-30,CLOSE,64.01599884033203
418,2017-10-31,OPEN,64.0459976196289
419,2017-10-31,CLOSE,66.30599975585938
420,2017-11-01,OPEN,66.44999694824219
421,2017-11-01,CLOSE,64.21600341796875
422,2017-11-02,OPEN,60.0260009765625
423,2017-11-02,CLOSE,59.85200119018555
424,2017-11-03,OPEN,59.900001525878906
425,2017-11-03,CLOSE,61.21799850463867
426,2017-11-06,OPEN,61.400001525878906
427,2017-11-06,CLOSE,60.555999755859375
428,2017-11-07,OPEN,60.20399856567383
429,2017-11-07,CLOSE,61.209999084472656
430,2017-11-08,OPEN,61.09999847412109
431,2017-11-08,CLOSE,60.87799835205078
432,2017-11-09,OPEN,60.5
433,2017-11-09,CLOSE,60.59799957275391
434,2017-11-10,OPEN,60.5
435,2017-11-10,CLOSE,60.59799957275391
436,2017-11-13,OPEN,60.0260009765625
437,2017-11-13,CLOSE,63.08000183105469
438,2017-11-14,OPEN,63.0
439,2017-11-14,CLOSE,61.7400016784668
440,2017-11-15,OPEN,61.20199966430664
441,2017-11-15,CLOSE,62.2599983215332
442,2017-11-16,OPEN,62.79800033569336
443,2017-11-16,CLOSE,62.5
444,2017-11-17,OPEN,65.13400268554688
445,2017-11-17,CLOSE,63.0099983215332
446,2017-11-20,OPEN,62.757999420166016
447,2017-11-20,CLOSE,61.74800109863281
448,2017-11-21,OPEN,62.172000885009766
449,2017-11-21,CLOSE,63.5620002746582
450,2017-11-22,OPEN,63.354000091552734
451,2017-11-22,CLOSE,62.52000045776367
452,2017-11-24,OPEN,62.757999420166016
453,2017-11-24,CLOSE,63.11000061035156
454,2017-11-27,OPEN,62.650001525878906
455,2017-11-27,CLOSE,63.36199951171875
456,2017-11-28,OPEN,63.27199935913086
457,2017-11-28,CLOSE,63.5099983215332
458,2017-11-29,OPEN,63.459999084472656
459,2017-11-29,CLOSE,61.507999420166016
460,2017-11-30,OPEN,61.71200180053711
461,2017-11-30,CLOSE,61.77000045776367
462,2017-12-01,OPEN,61.0880012512207
463,2017-12-01,CLOSE,61.305999755859375
464,2017-12-04,OPEN,61.29999923706055
465,2017-12-04,CLOSE,61.040000915527344
466,2017-12-05,OPEN,60.400001525878906
467,2017-12-05,CLOSE,60.7400016784668
468,2017-12-06,OPEN,60.02000045776367
469,2017-12-06,CLOSE,62.652000427246094
470,2017-12-07,OPEN,62.400001525878906
471,2017-12-07,CLOSE,62.24800109863281
472,2017-12-08,OPEN,62.91999816894531
473,2017-12-08,CLOSE,63.0260009765625
474,2017-12-11,OPEN,62.92599868774414
475,2017-12-11,CLOSE,65.78199768066406
476,2017-12-12,OPEN,66.08999633789062
477,2017-12-12,CLOSE,68.20600128173828
478,2017-12-13,OPEN,68.18599700927734
479,2017-12-13,CLOSE,67.80599975585938
480,2017-12-14,OPEN,68.2020034790039
481,2017-12-14,CLOSE,67.5780029296875
482,2017-12-15,OPEN,68.40799713134766
483,2017-12-15,CLOSE,68.69000244140625
484,2017-12-18,OPEN,68.9800033569336
485,2017-12-18,CLOSE,67.77400207519531
486,2017-12-19,OPEN,68.052001953125
487,2017-12-19,CLOSE,66.22000122070312
488,2017-12-20,OPEN,66.53800201416016
489,2017-12-20,CLOSE,65.7959976196289
490,2017-12-21,OPEN,65.91799926757812
491,2017-12-21,CLOSE,66.33200073242188
492,2017-12-22,OPEN,65.9020004272461
493,2017-12-22,CLOSE,65.04000091552734
494,2017-12-26,OPEN,64.76599884033203
495,2017-12-26,CLOSE,63.45800018310547
496,2017-12-27,OPEN,63.20000076293945
497,2017-12-27,CLOSE,62.32799911499024
498,2017-12-28,OPEN,62.34999847412109
499,2017-12-28,CLOSE,63.071998596191406
500,2017-12-29,OPEN,63.23600006103516
501,2017-12-29,CLOSE,62.27000045776367
502,2018-01-02,OPEN,62.400001525878906
503,2018-01-02,CLOSE,64.10600280761719
504,2018-01-03,OPEN,64.19999694824219
505,2018-01-03,CLOSE,63.45000076293945
506,2018-01-04,OPEN,62.57400131225586
507,2018-01-04,CLOSE,62.92399978637695
508,2018-01-05,OPEN,63.32400131225586
509,2018-01-05,CLOSE,63.31600189208984
510,2018-01-08,OPEN,63.20000076293945
511,2018-01-08,CLOSE,67.28199768066406
512,2018-01-09,OPEN,67.03199768066406
513,2018-01-09,CLOSE,66.73799896240234
514,2018-01-10,OPEN,66.44000244140625
515,2018-01-10,CLOSE,66.95999908447266
516,2018-01-11,OPEN,67.0479965209961
517,2018-01-11,CLOSE,67.58999633789062
518,2018-01-12,OPEN,67.72599792480469
519,2018-01-12,CLOSE,67.24400329589844
520,2018-01-16,OPEN,67.50800323486328
521,2018-01-16,CLOSE,68.01200103759766
522,2018-01-17,OPEN,68.09400177001953
523,2018-01-17,CLOSE,69.43199920654297
524,2018-01-18,OPEN,69.13400268554688
525,2018-01-18,CLOSE,68.91400146484375
526,2018-01-19,OPEN,69.0
527,2018-01-19,CLOSE,70.00399780273438
528,2018-01-22,OPEN,69.87999725341797
529,2018-01-22,CLOSE,70.31199645996094
530,2018-01-23,OPEN,72.0
531,2018-01-23,CLOSE,70.55799865722656
532,2018-01-24,OPEN,70.91600036621094
533,2018-01-24,CLOSE,69.1780014038086
534,2018-01-25,OPEN,69.65399932861328
535,2018-01-25,CLOSE,67.52799987792969
536,2018-01-26,OPEN,68.30000305175781
537,2018-01-26,CLOSE,68.56999969482422
538,2018-01-29,OPEN,67.97000122070312
539,2018-01-29,CLOSE,69.90599822998047
540,2018-01-30,OPEN,69.02799987792969
541,2018-01-30,CLOSE,69.16400146484375
542,2018-01-31,OPEN,69.50199890136719
543,2018-01-31,CLOSE,70.86199951171875
544,2018-02-01,OPEN,70.19999694824219
545,2018-02-01,CLOSE,69.8499984741211
546,2018-02-02,OPEN,69.68800354003906
547,2018-02-02,CLOSE,68.75
548,2018-02-05,OPEN,67.59400177001953
549,2018-02-05,CLOSE,66.6259994506836
550,2018-02-06,OPEN,65.04199981689453
551,2018-02-06,CLOSE,66.79399871826172
552,2018-02-07,OPEN,67.7979965209961
553,2018-02-07,CLOSE,69.0
554,2018-02-08,OPEN,68.66200256347656
555,2018-02-08,CLOSE,63.04600143432617
556,2018-02-09,OPEN,63.98600006103516
557,2018-02-09,CLOSE,62.08399963378906
558,2018-02-12,OPEN,63.22600173950195
559,2018-02-12,CLOSE,63.14599990844727
560,2018-02-13,OPEN,63.00400161743164
561,2018-02-13,CLOSE,64.73200225830078
562,2018-02-14,OPEN,64.16799926757812
563,2018-02-14,CLOSE,64.46199798583984
564,2018-02-15,OPEN,64.9000015258789
565,2018-02-15,CLOSE,66.81400299072266
566,2018-02-16,OPEN,66.5
567,2018-02-16,CLOSE,67.0979995727539
568,2018-02-20,OPEN,66.89399719238281
569,2018-02-20,CLOSE,66.9540023803711
570,2018-02-21,OPEN,67.20600128173828
571,2018-02-21,CLOSE,66.66000366210938
572,2018-02-22,OPEN,67.10600280761719
573,2018-02-22,CLOSE,69.23400115966797
574,2018-02-23,OPEN,69.56600189208984
575,2018-02-23,CLOSE,70.41000366210938
576,2018-02-26,OPEN,70.69999694824219
577,2018-02-26,CLOSE,71.48400115966797
578,2018-02-27,OPEN,71.25
579,2018-02-27,CLOSE,70.197998046875
580,2018-02-28,OPEN,70.51399993896484
581,2018-02-28,CLOSE,68.61199951171875
582,2018-03-01,OPEN,69.00199890136719
583,2018-03-01,CLOSE,66.18599700927734
584,2018-03-02,OPEN,65.39600372314453
585,2018-03-02,CLOSE,67.02400207519531
586,2018-03-05,OPEN,66.47799682617188
587,2018-03-05,CLOSE,66.66999816894531
588,2018-03-06,OPEN,66.75
589,2018-03-06,CLOSE,65.63999938964844
590,2018-03-07,OPEN,65.08799743652344
591,2018-03-07,CLOSE,66.45999908447266
592,2018-03-08,OPEN,66.5719985961914
593,2018-03-08,CLOSE,65.81999969482422
594,2018-03-09,OPEN,64.81999969482422
595,2018-03-09,CLOSE,65.43399810791016
596,2018-03-12,OPEN,65.72200012207031
597,2018-03-12,CLOSE,69.10199737548828
598,2018-03-13,OPEN,65.72200012207031
599,2018-03-13,CLOSE,68.36799621582031
600,2018-03-14,OPEN,67.35199737548828
601,2018-03-14,CLOSE,65.32599639892578
602,2018-03-15,OPEN,65.8759994506836
603,2018-03-15,CLOSE,65.12000274658203
604,2018-03-16,OPEN,64.58599853515625
605,2018-03-16,CLOSE,64.2699966430664
606,2018-03-19,OPEN,63.29999923706055
607,2018-03-19,CLOSE,62.71200180053711
608,2018-03-20,OPEN,62.9739990234375
609,2018-03-20,CLOSE,62.11000061035156
610,2018-03-21,OPEN,62.04999923706055
611,2018-03-21,CLOSE,63.305999755859375
612,2018-03-22,OPEN,62.77799987792969
613,2018-03-22,CLOSE,61.81999969482422
614,2018-03-23,OPEN,62.25
615,2018-03-23,CLOSE,60.30799865722656
616,2018-03-26,OPEN,61.46799850463867
617,2018-03-26,CLOSE,60.83599853515625
618,2018-03-27,OPEN,60.79999923706055
619,2018-03-27,CLOSE,55.83599853515625
620,2018-03-28,OPEN,52.91600036621094
621,2018-03-28,CLOSE,51.555999755859375
622,2018-03-29,OPEN,51.29800033569336
623,2018-03-29,CLOSE,53.22600173950195
624,2018-04-02,OPEN,51.25199890136719
625,2018-04-02,CLOSE,50.49599838256836
626,2018-04-03,OPEN,53.9640007019043
627,2018-04-03,CLOSE,53.50600051879883
628,2018-04-04,OPEN,50.555999755859375
629,2018-04-04,CLOSE,57.38800048828125
630,2018-04-05,OPEN,57.86800003051758
631,2018-04-05,CLOSE,61.14400100708008
632,2018-04-06,OPEN,60.20000076293945
633,2018-04-06,CLOSE,59.86000061035156
634,2018-04-09,OPEN,60.07400131225586
635,2018-04-09,CLOSE,57.93199920654297
636,2018-04-10,OPEN,59.79399871826172
637,2018-04-10,CLOSE,60.93999862670898
638,2018-04-11,OPEN,60.14799880981445
639,2018-04-11,CLOSE,60.18600082397461
640,2018-04-12,OPEN,60.4640007019043
641,2018-04-12,CLOSE,58.81600189208984
642,2018-04-13,OPEN,60.720001220703125
643,2018-04-13,CLOSE,60.06800079345703
644,2018-04-16,OPEN,59.79999923706055
645,2018-04-16,CLOSE,58.242000579833984
646,2018-04-17,OPEN,57.77399826049805
647,2018-04-17,CLOSE,57.53799819946289
648,2018-04-18,OPEN,58.21599960327149
649,2018-04-18,CLOSE,58.66999816894531
650,2018-04-19,OPEN,58.21599960327149
651,2018-04-19,CLOSE,60.01599884033203
652,2018-04-20,OPEN,59.03400039672852
653,2018-04-20,CLOSE,58.04800033569336
654,2018-04-23,OPEN,58.257999420166016
655,2018-04-23,CLOSE,56.67399978637695
656,2018-04-24,OPEN,57.0
657,2018-04-24,CLOSE,56.69200134277344
658,2018-04-25,OPEN,56.70000076293945
659,2018-04-25,CLOSE,56.13800048828125
660,2018-04-26,OPEN,55.75
661,2018-04-26,CLOSE,57.09600067138672
662,2018-04-27,OPEN,57.07400131225586
663,2018-04-27,CLOSE,58.81600189208984
664,2018-04-30,OPEN,58.72200012207031
665,2018-04-30,CLOSE,58.77999877929688
666,2018-05-01,OPEN,58.70199966430664
667,2018-05-01,CLOSE,59.98400115966797
668,2018-05-02,OPEN,59.7140007019043
669,2018-05-02,CLOSE,60.22999954223633
670,2018-05-03,OPEN,55.757999420166016
671,2018-05-03,CLOSE,56.88999938964844
672,2018-05-04,OPEN,56.59999847412109
673,2018-05-04,CLOSE,58.81800079345703
674,2018-05-07,OPEN,59.5
675,2018-05-07,CLOSE,60.55400085449219
676,2018-05-08,OPEN,60.15999984741211
677,2018-05-08,CLOSE,60.39400100708008
678,2018-05-09,OPEN,60.08200073242188
679,2018-05-09,CLOSE,61.369998931884766
680,2018-05-10,OPEN,61.5
681,2018-05-10,CLOSE,61.00400161743164
682,2018-05-11,OPEN,61.540000915527344
683,2018-05-11,CLOSE,60.21200180053711
684,2018-05-14,OPEN,60.66400146484375
685,2018-05-14,CLOSE,58.39400100708008
686,2018-05-15,OPEN,57.00199890136719
687,2018-05-15,CLOSE,56.83599853515625
688,2018-05-16,OPEN,56.76599884033203
689,2018-05-16,CLOSE,57.29600143432617
690,2018-05-17,OPEN,57.18000030517578
691,2018-05-17,CLOSE,56.90800094604492
692,2018-05-18,OPEN,56.93000030517578
693,2018-05-18,CLOSE,55.36399841308594
694,2018-05-21,OPEN,56.26599884033203
695,2018-05-21,CLOSE,56.89799880981445
696,2018-05-22,OPEN,57.55199813842773
697,2018-05-22,CLOSE,55.00199890136719
698,2018-05-23,OPEN,55.55199813842773
699,2018-05-23,CLOSE,55.81399917602539
700,2018-05-24,OPEN,55.68000030517578
701,2018-05-24,CLOSE,55.56999969482422
702,2018-05-25,OPEN,55.5260009765625
703,2018-05-25,CLOSE,55.77000045776367
704,2018-05-29,OPEN,55.70199966430664
705,2018-05-29,CLOSE,56.75199890136719
706,2018-05-30,OPEN,56.65800094604492
707,2018-05-30,CLOSE,58.34400177001953
708,2018-05-31,OPEN,57.44200134277344
709,2018-05-31,CLOSE,56.94599914550781
710,2018-06-01,OPEN,57.172000885009766
711,2018-06-01,CLOSE,58.36399841308594
712,2018-06-04,OPEN,58.86800003051758
713,2018-06-04,CLOSE,59.34799957275391
714,2018-06-05,OPEN,59.540000915527344
715,2018-06-05,CLOSE,58.22600173950195
716,2018-06-06,OPEN,60.09999847412109
717,2018-06-06,CLOSE,63.900001525878906
718,2018-06-07,OPEN,63.22999954223633
719,2018-06-07,CLOSE,63.21799850463867
720,2018-06-08,OPEN,63.79999923706055
721,2018-06-08,CLOSE,63.53200149536133
722,2018-06-11,OPEN,64.50199890136719
723,2018-06-11,CLOSE,66.41999816894531
724,2018-06-12,OPEN,68.94000244140625
725,2018-06-12,CLOSE,68.55400085449219
726,2018-06-13,OPEN,69.34200286865234
727,2018-06-13,CLOSE,68.95600128173828
728,2018-06-14,OPEN,69.5260009765625
729,2018-06-14,CLOSE,71.54399871826172
730,2018-06-15,OPEN,70.76799774169922
731,2018-06-15,CLOSE,71.63400268554688
732,2018-06-18,OPEN,71.08000183105469
733,2018-06-18,CLOSE,74.16600036621094
734,2018-06-19,OPEN,73.03199768066406
735,2018-06-19,CLOSE,70.51000213623047
736,2018-06-20,OPEN,71.60800170898438
737,2018-06-20,CLOSE,72.44400024414062
738,2018-06-21,OPEN,72.4000015258789
739,2018-06-21,CLOSE,69.50199890136719
740,2018-06-22,OPEN,70.30799865722656
741,2018-06-22,CLOSE,66.72599792480469
742,2018-06-25,OPEN,66.02400207519531
743,2018-06-25,CLOSE,66.60199737548828
744,2018-06-26,OPEN,67.20999908447266
745,2018-06-26,CLOSE,68.4000015258789
746,2018-06-27,OPEN,69.0
747,2018-06-27,CLOSE,68.9000015258789
748,2018-06-28,OPEN,69.73200225830078
749,2018-06-28,CLOSE,69.98600006103516
750,2018-06-29,OPEN,70.66600036621094
751,2018-06-29,CLOSE,68.58999633789062
752,2018-07-02,OPEN,72.01399993896484
753,2018-07-02,CLOSE,67.01399993896484
754,2018-07-03,OPEN,66.3499984741211
755,2018-07-03,CLOSE,62.172000885009766
756,2018-07-05,OPEN,62.75199890136719
757,2018-07-05,CLOSE,61.83200073242188
758,2018-07-06,OPEN,60.9900016784668
759,2018-07-06,CLOSE,61.77999877929688
760,2018-07-09,OPEN,62.39799880981445
761,2018-07-09,CLOSE,63.70199966430664
762,2018-07-10,OPEN,64.91200256347656
763,2018-07-10,CLOSE,64.49400329589844
764,2018-07-11,OPEN,63.15999984741211
765,2018-07-11,CLOSE,63.79199981689453
766,2018-07-12,OPEN,64.28600311279297
767,2018-07-12,CLOSE,63.34199905395508
768,2018-07-13,OPEN,63.11600112915039
769,2018-07-13,CLOSE,63.77399826049805
770,2018-07-16,OPEN,62.34199905395508
771,2018-07-16,CLOSE,62.02000045776367
772,2018-07-17,OPEN,61.762001037597656
773,2018-07-17,CLOSE,64.53800201416016
774,2018-07-18,OPEN,65.0
775,2018-07-18,CLOSE,64.7699966430664
776,2018-07-19,OPEN,63.26599884033203
777,2018-07-19,CLOSE,64.0459976196289
778,2018-07-20,OPEN,64.24600219726562
779,2018-07-20,CLOSE,62.71599960327149
780,2018-07-23,OPEN,60.36800003051758
781,2018-07-23,CLOSE,60.63999938964844
782,2018-07-24,OPEN,60.88399887084961
783,2018-07-24,CLOSE,59.48600006103516
784,2018-07-25,OPEN,59.34799957275391
785,2018-07-25,CLOSE,61.74800109863281
786,2018-07-26,OPEN,60.970001220703125
787,2018-07-26,CLOSE,61.33000183105469
788,2018-07-27,OPEN,61.45000076293945
789,2018-07-27,CLOSE,59.43600082397461
790,2018-07-30,OPEN,59.18000030517578
791,2018-07-30,CLOSE,58.03400039672852
792,2018-07-31,OPEN,58.45000076293945
793,2018-07-31,CLOSE,59.62799835205078
794,2018-08-01,OPEN,59.59799957275391
795,2018-08-01,CLOSE,60.167999267578125
796,2018-08-02,OPEN,65.68800354003906
797,2018-08-02,CLOSE,69.90799713134766
798,2018-08-03,OPEN,69.56199645996094
799,2018-08-03,CLOSE,69.63400268554688
800,2018-08-06,OPEN,69.09200286865234
801,2018-08-06,CLOSE,68.39800262451172
802,2018-08-07,OPEN,68.76799774169922
803,2018-08-07,CLOSE,75.91400146484375
804,2018-08-08,OPEN,73.81800079345703
805,2018-08-08,CLOSE,74.06800079345703
806,2018-08-09,OPEN,73.11000061035156
807,2018-08-09,CLOSE,70.48999786376953
808,2018-08-10,OPEN,70.80000305175781
809,2018-08-10,CLOSE,71.0979995727539
810,2018-08-13,OPEN,72.22599792480469
811,2018-08-13,CLOSE,71.28199768066406
812,2018-08-14,OPEN,71.69000244140625
813,2018-08-14,CLOSE,69.52799987792969
814,2018-08-15,OPEN,68.38200378417969
815,2018-08-15,CLOSE,67.73799896240234
816,2018-08-16,OPEN,67.98200225830078
817,2018-08-16,CLOSE,67.08999633789062
818,2018-08-17,OPEN,64.69999694824219
819,2018-08-17,CLOSE,61.09999847412109
820,2018-08-20,OPEN,58.34000015258789
821,2018-08-20,CLOSE,61.6879997253418
822,2018-08-21,OPEN,62.12200164794922
823,2018-08-21,CLOSE,64.37999725341797
824,2018-08-22,OPEN,64.17400360107422
825,2018-08-22,CLOSE,64.3280029296875
826,2018-08-23,OPEN,63.82799911499024
827,2018-08-23,CLOSE,64.0199966430664
828,2018-08-24,OPEN,64.13999938964844
829,2018-08-24,CLOSE,64.56400299072266
830,2018-08-27,OPEN,63.59999847412109
831,2018-08-27,CLOSE,63.854000091552734
832,2018-08-28,OPEN,63.68199920654297
833,2018-08-28,CLOSE,62.37200164794922
834,2018-08-29,OPEN,62.05400085449219
835,2018-08-29,CLOSE,61.00199890136719
836,2018-08-30,OPEN,60.45199966430664
837,2018-08-30,CLOSE,60.630001068115234
838,2018-08-31,OPEN,60.400001525878906
839,2018-08-31,CLOSE,60.33200073242188
840,2018-09-04,OPEN,59.38800048828125
841,2018-09-04,CLOSE,57.790000915527344
842,2018-09-05,OPEN,57.0099983215332
843,2018-09-05,CLOSE,56.14799880981445
844,2018-09-06,OPEN,56.959999084472656
845,2018-09-06,CLOSE,56.18999862670898
846,2018-09-07,OPEN,52.02000045776367
847,2018-09-07,CLOSE,52.64799880981445
848,2018-09-10,OPEN,54.652000427246094
849,2018-09-10,CLOSE,57.09999847412109
850,2018-09-11,OPEN,55.89400100708008
851,2018-09-11,CLOSE,55.88800048828125
852,2018-09-12,OPEN,56.28799819946289
853,2018-09-12,CLOSE,58.108001708984375
854,2018-09-13,OPEN,57.604000091552734
855,2018-09-13,CLOSE,57.891998291015625
856,2018-09-14,OPEN,57.75199890136719
857,2018-09-14,CLOSE,59.040000915527344
858,2018-09-17,OPEN,58.007999420166016
859,2018-09-17,CLOSE,58.96799850463867
860,2018-09-18,OPEN,59.3380012512207
861,2018-09-18,CLOSE,56.992000579833984
862,2018-09-19,OPEN,56.10200119018555
863,2018-09-19,CLOSE,59.80400085449219
864,2018-09-20,OPEN,60.71200180053711
865,2018-09-20,CLOSE,59.66600036621094
866,2018-09-21,OPEN,59.540000915527344
867,2018-09-21,CLOSE,59.81999969482422
868,2018-09-24,OPEN,59.69599914550781
869,2018-09-24,CLOSE,59.93600082397461
870,2018-09-25,OPEN,60.0
871,2018-09-25,CLOSE,60.198001861572266
872,2018-09-26,OPEN,60.38199996948242
873,2018-09-26,CLOSE,61.91600036621094
874,2018-09-27,OPEN,62.58000183105469
875,2018-09-27,CLOSE,61.50400161743164
876,2018-09-28,OPEN,54.05199813842773
877,2018-09-28,CLOSE,52.95399856567383
878,2018-10-01,OPEN,61.15399932861328
879,2018-10-01,CLOSE,62.13999938964844
880,2018-10-02,OPEN,62.790000915527344
881,2018-10-02,CLOSE,60.20399856567383
882,2018-10-03,OPEN,60.66600036621094
883,2018-10-03,CLOSE,58.959999084472656
884,2018-10-04,OPEN,58.790000915527344
885,2018-10-04,CLOSE,56.36600112915039
886,2018-10-05,OPEN,54.93000030517578
887,2018-10-05,CLOSE,52.38999938964844
888,2018-10-08,OPEN,52.90399932861328
889,2018-10-08,CLOSE,50.11199951171875
890,2018-10-09,OPEN,51.04999923706055
891,2018-10-09,CLOSE,52.560001373291016
892,2018-10-10,OPEN,52.922000885009766
893,2018-10-10,CLOSE,51.3759994506836
894,2018-10-11,OPEN,51.50600051879883
895,2018-10-11,CLOSE,50.44599914550781
896,2018-10-12,OPEN,52.20000076293945
897,2018-10-12,CLOSE,51.75600051879883
898,2018-10-15,OPEN,51.8120002746582
899,2018-10-15,CLOSE,51.917999267578125
900,2018-10-16,OPEN,53.13999938964844
901,2018-10-16,CLOSE,55.31800079345703
902,2018-10-17,OPEN,56.47999954223633
903,2018-10-17,CLOSE,54.35599899291992
904,2018-10-18,OPEN,53.858001708984375
905,2018-10-18,CLOSE,52.78200149536133
906,2018-10-19,OPEN,53.47800064086914
907,2018-10-19,CLOSE,52.0
908,2018-10-22,OPEN,52.13600158691406
909,2018-10-22,CLOSE,52.18999862670898
910,2018-10-23,OPEN,52.77399826049805
911,2018-10-23,CLOSE,58.82799911499024
912,2018-10-24,OPEN,60.209999084472656
913,2018-10-24,CLOSE,57.70000076293945
914,2018-10-25,OPEN,63.44400024414063
915,2018-10-25,CLOSE,62.97200012207031
916,2018-10-26,OPEN,61.650001525878906
917,2018-10-26,CLOSE,66.18000030517578
918,2018-10-29,OPEN,67.49400329589844
919,2018-10-29,CLOSE,66.97000122070312
920,2018-10-30,OPEN,65.6780014038086
921,2018-10-30,CLOSE,65.9800033569336
922,2018-10-31,OPEN,66.50800323486328
923,2018-10-31,CLOSE,67.46399688720703
924,2018-11-01,OPEN,67.6520004272461
925,2018-11-01,CLOSE,68.85600280761719
926,2018-11-02,OPEN,68.74800109863281
927,2018-11-02,CLOSE,69.28199768066406
928,2018-11-05,OPEN,68.0999984741211
929,2018-11-05,CLOSE,68.27999877929688
930,2018-11-06,OPEN,67.81400299072266
931,2018-11-06,CLOSE,68.21199798583984
932,2018-11-07,OPEN,68.66799926757812
933,2018-11-07,CLOSE,69.63200378417969
934,2018-11-08,OPEN,69.69999694824219
935,2018-11-08,CLOSE,70.27999877929688
936,2018-11-09,OPEN,69.80000305175781
937,2018-11-09,CLOSE,70.10199737548828
938,2018-11-12,OPEN,69.67400360107422
939,2018-11-12,CLOSE,66.25599670410156
940,2018-11-13,OPEN,66.63200378417969
941,2018-11-13,CLOSE,67.74600219726562
942,2018-11-14,OPEN,68.54000091552734
943,2018-11-14,CLOSE,68.80000305175781
944,2018-11-15,OPEN,68.46600341796875
945,2018-11-15,CLOSE,69.68800354003906
946,2018-11-16,OPEN,69.03800201416016
947,2018-11-16,CLOSE,70.86199951171875
948,2018-11-19,OPEN,71.26799774169922
949,2018-11-19,CLOSE,70.69400024414062
950,2018-11-20,OPEN,68.3499984741211
951,2018-11-20,CLOSE,69.49800109863281
952,2018-11-21,OPEN,70.4000015258789
953,2018-11-21,CLOSE,67.63800048828125
954,2018-11-23,OPEN,66.87000274658203
955,2018-11-23,CLOSE,65.16600036621094
956,2018-11-26,OPEN,65.0
957,2018-11-26,CLOSE,69.19999694824219
958,2018-11-27,OPEN,68.01000213623047
959,2018-11-27,CLOSE,68.78399658203125
960,2018-11-28,OPEN,69.197998046875
961,2018-11-28,CLOSE,69.5739974975586
962,2018-11-29,OPEN,69.4000015258789
963,2018-11-29,CLOSE,68.23400115966797
964,2018-11-30,OPEN,68.36599731445312
965,2018-11-30,CLOSE,70.09600067138672
966,2018-12-03,OPEN,72.0
967,2018-12-03,CLOSE,71.697998046875
968,2018-12-04,OPEN,71.20999908447266
969,2018-12-04,CLOSE,71.94000244140625
970,2018-12-06,OPEN,71.2020034790039
971,2018-12-06,CLOSE,72.61199951171875
972,2018-12-07,OPEN,73.80000305175781
973,2018-12-07,CLOSE,71.59400177001953
974,2018-12-10,OPEN,72.0
975,2018-12-10,CLOSE,73.02999877929688
976,2018-12-11,OPEN,73.98200225830078
977,2018-12-11,CLOSE,73.35199737548828
978,2018-12-12,OPEN,73.88400268554688
979,2018-12-12,CLOSE,73.31999969482422
980,2018-12-13,OPEN,74.02999877929688
981,2018-12-13,CLOSE,75.35800170898438
982,2018-12-14,OPEN,75.0
983,2018-12-14,CLOSE,73.14199829101562
984,2018-12-17,OPEN,72.4000015258789
985,2018-12-17,CLOSE,69.68399810791016
986,2018-12-18,OPEN,70.10800170898438
987,2018-12-18,CLOSE,67.40599822998047
988,2018-12-19,OPEN,67.5199966430664
989,2018-12-19,CLOSE,66.59400177001953
990,2018-12-20,OPEN,65.41000366210938
991,2018-12-20,CLOSE,63.07600021362305
992,2018-12-21,OPEN,63.47999954223633
993,2018-12-21,CLOSE,63.95399856567383
994,2018-12-24,OPEN,62.70000076293945
995,2018-12-24,CLOSE,59.07799911499024
996,2018-12-26,OPEN,60.0
997,2018-12-26,CLOSE,65.21800231933594
998,2018-12-27,OPEN,63.96799850463867
999,2018-12-27,CLOSE,63.22600173950195
1000,2018-12-28,OPEN,64.62000274658203
1001,2018-12-28,CLOSE,66.77400207519531
1002,2018-12-31,OPEN,67.55799865722656
1003,2018-12-31,CLOSE,66.55999755859375
1004,2019-01-02,OPEN,61.220001220703125
1005,2019-01-02,CLOSE,62.02399826049805
1006,2019-01-03,OPEN,61.400001525878906
1007,2019-01-03,CLOSE,60.071998596191406
1008,2019-01-04,OPEN,61.20000076293945
1009,2019-01-04,CLOSE,63.53799819946289
1010,2019-01-07,OPEN,64.34400177001953
1011,2019-01-07,CLOSE,66.99199676513672
1012,2019-01-08,OPEN,68.39199829101562
1013,2019-01-08,CLOSE,67.06999969482422
1014,2019-01-09,OPEN,67.0999984741211
1015,2019-01-09,CLOSE,67.70600128173828
1016,2019-01-10,OPEN,66.87999725341797
1017,2019-01-10,CLOSE,68.99400329589844
1018,2019-01-11,OPEN,68.41799926757812
1019,2019-01-11,CLOSE,69.4520034790039
1020,2019-01-14,OPEN,68.47599792480469
1021,2019-01-14,CLOSE,66.87999725341797
1022,2019-01-15,OPEN,67.0
1023,2019-01-15,CLOSE,68.88600158691406
1024,2019-01-16,OPEN,68.95600128173828
1025,2019-01-16,CLOSE,69.20999908447266
1026,2019-01-17,OPEN,69.24199676513672
1027,2019-01-17,CLOSE,69.46199798583984
1028,2019-01-18,OPEN,64.5999984741211
1029,2019-01-18,CLOSE,60.45199966430664
1030,2019-01-22,OPEN,60.9640007019043
1031,2019-01-22,CLOSE,59.78400039672852
1032,2019-01-23,OPEN,58.5
1033,2019-01-23,CLOSE,57.51800155639648
1034,2019-01-24,OPEN,56.60599899291992
1035,2019-01-24,CLOSE,58.30199813842773
1036,2019-01-25,OPEN,58.87799835205078
1037,2019-01-25,CLOSE,59.40800094604492
1038,2019-01-28,OPEN,58.58200073242188
1039,2019-01-28,CLOSE,59.2760009765625
1040,2019-01-29,OPEN,59.05400085449219
1041,2019-01-29,CLOSE,59.492000579833984
1042,2019-01-30,OPEN,60.09000015258789
1043,2019-01-30,CLOSE,61.75400161743164
1044,2019-01-31,OPEN,60.20000076293945
1045,2019-01-31,CLOSE,61.40399932861328
1046,2019-02-01,OPEN,61.08399963378906
1047,2019-02-01,CLOSE,62.44200134277344
1048,2019-02-04,OPEN,62.59600067138672
1049,2019-02-04,CLOSE,62.57799911499024
1050,2019-02-05,OPEN,62.49800109863281
1051,2019-02-05,CLOSE,64.2699966430664
1052,2019-02-06,OPEN,63.917999267578125
1053,2019-02-06,CLOSE,63.44400024414063
1054,2019-02-07,OPEN,62.65999984741211
1055,2019-02-07,CLOSE,61.50199890136719
1056,2019-02-08,OPEN,61.36600112915039
1057,2019-02-08,CLOSE,61.15999984741211
1058,2019-02-11,OPEN,62.31999969482422
1059,2019-02-11,CLOSE,62.56800079345703
1060,2019-02-12,OPEN,63.2400016784668
1061,2019-02-12,CLOSE,62.36199951171875
1062,2019-02-13,OPEN,62.470001220703125
1063,2019-02-13,CLOSE,61.63399887084961
1064,2019-02-14,OPEN,60.67599868774414
1065,2019-02-14,CLOSE,60.75400161743164
1066,2019-02-15,OPEN,60.900001525878906
1067,2019-02-15,CLOSE,61.57600021362305
1068,2019-02-19,OPEN,61.3120002746582
1069,2019-02-19,CLOSE,61.12799835205078
1070,2019-02-20,OPEN,60.88199996948242
1071,2019-02-20,CLOSE,60.512001037597656
1072,2019-02-21,OPEN,60.36199951171875
1073,2019-02-21,CLOSE,58.24599838256836
1074,2019-02-22,OPEN,58.89799880981445
1075,2019-02-22,CLOSE,58.94200134277344
1076,2019-02-25,OPEN,59.58200073242188
1077,2019-02-25,CLOSE,59.75400161743164
1078,2019-02-26,OPEN,58.44400024414063
1079,2019-02-26,CLOSE,59.571998596191406
1080,2019-02-27,OPEN,60.35599899291992
1081,2019-02-27,CLOSE,62.948001861572266
1082,2019-02-28,OPEN,63.78400039672852
1083,2019-02-28,CLOSE,63.97600173950195
1084,2019-03-01,OPEN,61.38800048828125
1085,2019-03-01,CLOSE,58.95800018310547
1086,2019-03-04,OPEN,59.624000549316406
1087,2019-03-04,CLOSE,57.071998596191406
1088,2019-03-05,OPEN,56.400001525878906
1089,2019-03-05,CLOSE,55.30799865722656
1090,2019-03-06,OPEN,55.29600143432617
1091,2019-03-06,CLOSE,55.24800109863281
1092,2019-03-07,OPEN,55.76800155639648
1093,2019-03-07,CLOSE,55.31800079345703
1094,2019-03-08,OPEN,55.38199996948242
1095,2019-03-08,CLOSE,56.82799911499024
1096,2019-03-11,OPEN,56.70399856567383
1097,2019-03-11,CLOSE,58.18399810791016
1098,2019-03-12,OPEN,57.29800033569336
1099,2019-03-12,CLOSE,56.672000885009766
1100,2019-03-13,OPEN,56.77999877929688
1101,2019-03-13,CLOSE,57.79199981689453
1102,2019-03-14,OPEN,58.4900016784668
1103,2019-03-14,CLOSE,57.992000579833984
1104,2019-03-15,OPEN,56.70199966430664
1105,2019-03-15,CLOSE,55.08599853515625
1106,2019-03-18,OPEN,55.20000076293945
1107,2019-03-18,CLOSE,53.89799880981445
1108,2019-03-19,OPEN,53.5
1109,2019-03-19,CLOSE,53.49399948120117
1110,2019-03-20,OPEN,53.9379997253418
1111,2019-03-20,CLOSE,54.720001220703125
1112,2019-03-21,OPEN,54.52000045776367
1113,2019-03-21,CLOSE,54.80400085449219
1114,2019-03-22,OPEN,54.51599884033203
1115,2019-03-22,CLOSE,52.90599822998047
1116,2019-03-25,OPEN,51.94200134277344
1117,2019-03-25,CLOSE,52.08399963378906
1118,2019-03-26,OPEN,52.88800048828125
1119,2019-03-26,CLOSE,53.55400085449219
1120,2019-03-27,OPEN,53.75
1121,2019-03-27,CLOSE,54.96599960327149
1122,2019-03-28,OPEN,55.43199920654297
1123,2019-03-28,CLOSE,55.7239990234375
1124,2019-03-29,OPEN,55.7400016784668
1125,2019-03-29,CLOSE,55.97200012207031
1126,2019-04-01,OPEN,56.52399826049805
1127,2019-04-01,CLOSE,57.83599853515625
1128,2019-04-02,OPEN,57.65999984741211
1129,2019-04-02,CLOSE,57.17599868774414
1130,2019-04-03,OPEN,57.4640007019043
1131,2019-04-03,CLOSE,58.36199951171875
1132,2019-04-04,OPEN,52.37799835205078
1133,2019-04-04,CLOSE,53.555999755859375
1134,2019-04-05,OPEN,53.97200012207031
1135,2019-04-05,CLOSE,54.992000579833984
1136,2019-04-08,OPEN,55.53799819946289
1137,2019-04-08,CLOSE,54.63999938964844
1138,2019-04-09,OPEN,54.33000183105469
1139,2019-04-09,CLOSE,54.46200180053711
1140,2019-04-10,OPEN,55.34799957275391
1141,2019-04-10,CLOSE,55.21200180053711
1142,2019-04-11,OPEN,53.65999984741211
1143,2019-04-11,CLOSE,53.68399810791016
1144,2019-04-12,OPEN,54.04399871826172
1145,2019-04-12,CLOSE,53.540000915527344
1146,2019-04-15,OPEN,53.72600173950195
1147,2019-04-15,CLOSE,53.2760009765625
1148,2019-04-16,OPEN,53.150001525878906
1149,2019-04-16,CLOSE,54.672000885009766
1150,2019-04-17,OPEN,54.95000076293945
1151,2019-04-17,CLOSE,54.24599838256836
1152,2019-04-18,OPEN,54.24599838256836
1153,2019-04-18,CLOSE,54.652000427246094
1154,2019-04-22,OPEN,53.79999923706055
1155,2019-04-22,CLOSE,52.54999923706055
1156,2019-04-23,OPEN,52.02999877929688
1157,2019-04-23,CLOSE,52.77999877929688
1158,2019-04-24,OPEN,52.77000045776367
1159,2019-04-24,CLOSE,51.73199844360352
1160,2019-04-25,OPEN,51.0
1161,2019-04-25,CLOSE,49.5260009765625
1162,2019-04-26,OPEN,49.29999923706055
1163,2019-04-26,CLOSE,47.02799987792969
1164,2019-04-29,OPEN,47.172000885009766
1165,2019-04-29,CLOSE,48.29399871826172
1166,2019-04-30,OPEN,48.4119987487793
1167,2019-04-30,CLOSE,47.73799896240234
1168,2019-05-01,OPEN,47.77000045776367
1169,2019-05-01,CLOSE,46.80199813842773
1170,2019-05-02,OPEN,49.104000091552734
1171,2019-05-02,CLOSE,48.81999969482422
1172,2019-05-03,OPEN,48.77199935913086
1173,2019-05-03,CLOSE,51.00600051879883
1174,2019-05-06,OPEN,50.00400161743164
1175,2019-05-06,CLOSE,51.06800079345703
1176,2019-05-07,OPEN,51.36000061035156
1177,2019-05-07,CLOSE,49.4119987487793
1178,2019-05-08,OPEN,49.38800048828125
1179,2019-05-08,CLOSE,48.96799850463867
1180,2019-05-09,OPEN,48.400001525878906
1181,2019-05-09,CLOSE,48.39599990844727
1182,2019-05-10,OPEN,47.95000076293945
1183,2019-05-10,CLOSE,47.90399932861328
1184,2019-05-13,OPEN,46.402000427246094
1185,2019-05-13,CLOSE,45.402000427246094
1186,2019-05-14,OPEN,45.86000061035156
1187,2019-05-14,CLOSE,46.46200180053711
1188,2019-05-15,OPEN,45.86399841308594
1189,2019-05-15,CLOSE,46.38999938964844
1190,2019-05-16,OPEN,45.89799880981445
1191,2019-05-16,CLOSE,45.66600036621094
1192,2019-05-17,OPEN,44.391998291015625
1193,2019-05-17,CLOSE,42.20600128173828
1194,2019-05-20,OPEN,40.560001373291016
1195,2019-05-20,CLOSE,41.071998596191406
1196,2019-05-21,OPEN,39.55199813842773
1197,2019-05-21,CLOSE,41.01599884033203
1198,2019-05-22,OPEN,39.81999969482422
1199,2019-05-22,CLOSE,38.54600143432617
1200,2019-05-23,OPEN,38.86800003051758
1201,2019-05-23,CLOSE,39.09799957275391
1202,2019-05-24,OPEN,39.96599960327149
1203,2019-05-24,CLOSE,38.1259994506836
1204,2019-05-28,OPEN,38.2400016784668
1205,2019-05-28,CLOSE,37.7400016784668
1206,2019-05-29,OPEN,37.41999816894531
1207,2019-05-29,CLOSE,37.97200012207031
1208,2019-05-30,OPEN,37.75
1209,2019-05-30,CLOSE,37.64400100708008
1210,2019-05-31,OPEN,37.02000045776367
1211,2019-05-31,CLOSE,37.03200149536133
1212,2019-06-03,OPEN,37.10200119018555
1213,2019-06-03,CLOSE,35.79399871826172
1214,2019-06-04,OPEN,36.220001220703125
1215,2019-06-04,CLOSE,38.720001220703125
1216,2019-06-05,OPEN,39.73600006103516
1217,2019-06-05,CLOSE,39.31800079345703
1218,2019-06-06,OPEN,40.88800048828125
1219,2019-06-06,CLOSE,41.18999862670898
1220,2019-06-07,OPEN,41.0
1221,2019-06-07,CLOSE,40.900001525878906
1222,2019-06-10,OPEN,42.04999923706055
1223,2019-06-10,CLOSE,42.57600021362305
1224,2019-06-11,OPEN,43.82799911499024
1225,2019-06-11,CLOSE,43.41999816894531
1226,2019-06-12,OPEN,44.59000015258789
1227,2019-06-12,CLOSE,41.85200119018555
1228,2019-06-13,OPEN,42.07600021362305
1229,2019-06-13,CLOSE,42.78200149536133
1230,2019-06-14,OPEN,42.25
1231,2019-06-14,CLOSE,42.98400115966797
1232,2019-06-17,OPEN,43.09600067138672
1233,2019-06-17,CLOSE,45.00600051879883
1234,2019-06-18,OPEN,45.74399948120117
1235,2019-06-18,CLOSE,44.948001861572266
1236,2019-06-19,OPEN,45.02199935913086
1237,2019-06-19,CLOSE,45.2859992980957
1238,2019-06-20,OPEN,44.59999847412109
1239,2019-06-20,CLOSE,43.92399978637695
1240,2019-06-21,OPEN,43.24399948120117
1241,2019-06-21,CLOSE,44.37200164794922
1242,2019-06-24,OPEN,44.64799880981445
1243,2019-06-24,CLOSE,44.72800064086914
1244,2019-06-25,OPEN,44.87799835205078
1245,2019-06-25,CLOSE,43.95199966430664
1246,2019-06-26,OPEN,44.0620002746582
1247,2019-06-26,CLOSE,43.854000091552734
1248,2019-06-27,OPEN,43.88999938964844
1249,2019-06-27,CLOSE,44.56800079345703
1250,2019-06-28,OPEN,44.198001861572266
1251,2019-06-28,CLOSE,44.69200134277344
1252,2019-07-01,OPEN,46.04199981689453
1253,2019-07-01,CLOSE,45.43399810791016
1254,2019-07-02,OPEN,45.77799987792969
1255,2019-07-02,CLOSE,44.90999984741211
1256,2019-07-03,OPEN,47.87799835205078
1257,2019-07-03,CLOSE,46.97999954223633
1258,2019-07-05,OPEN,46.91400146484375
1259,2019-07-05,CLOSE,46.619998931884766
1260,2019-07-08,OPEN,46.24800109863281
1261,2019-07-08,CLOSE,46.06800079345703
1262,2019-07-09,OPEN,45.79399871826172
1263,2019-07-09,CLOSE,46.012001037597656
1264,2019-07-10,OPEN,46.83000183105469
1265,2019-07-10,CLOSE,47.78400039672852
1266,2019-07-11,OPEN,47.62799835205078
1267,2019-07-11,CLOSE,47.720001220703125
1268,2019-07-12,OPEN,47.95000076293945
1269,2019-07-12,CLOSE,49.01599884033203
1270,2019-07-15,OPEN,49.59999847412109
1271,2019-07-15,CLOSE,50.70000076293945
1272,2019-07-16,OPEN,49.86000061035156
1273,2019-07-16,CLOSE,50.47600173950195
1274,2019-07-17,OPEN,51.13399887084961
1275,2019-07-17,CLOSE,50.97200012207031
1276,2019-07-18,OPEN,51.0099983215332
1277,2019-07-18,CLOSE,50.70800018310547
1278,2019-07-19,OPEN,51.13800048828125
1279,2019-07-19,CLOSE,51.63600158691406
1280,2019-07-22,OPEN,51.75
1281,2019-07-22,CLOSE,51.13600158691406
1282,2019-07-23,OPEN,51.34199905395508
1283,2019-07-23,CLOSE,52.03400039672852
1284,2019-07-24,OPEN,51.83399963378906
1285,2019-07-24,CLOSE,52.97600173950195
1286,2019-07-25,OPEN,46.70000076293945
1287,2019-07-25,CLOSE,45.76399993896485
1288,2019-07-26,OPEN,45.38399887084961
1289,2019-07-26,CLOSE,45.608001708984375
1290,2019-07-29,OPEN,45.417999267578125
1291,2019-07-29,CLOSE,47.15399932861328
1292,2019-07-30,OPEN,46.58000183105469
1293,2019-07-30,CLOSE,48.45199966430664
1294,2019-07-31,OPEN,48.59999847412109
1295,2019-07-31,CLOSE,48.321998596191406
1296,2019-08-01,OPEN,48.52999877929688
1297,2019-08-01,CLOSE,46.77000045776367
1298,2019-08-02,OPEN,46.27000045776367
1299,2019-08-02,CLOSE,46.86800003051758
1300,2019-08-05,OPEN,45.91999816894531
1301,2019-08-05,CLOSE,45.66400146484375
1302,2019-08-06,OPEN,46.3759994506836
1303,2019-08-06,CLOSE,46.150001525878906
1304,2019-08-07,OPEN,45.29999923706055
1305,2019-08-07,CLOSE,46.68399810791016
1306,2019-08-08,OPEN,46.88999938964844
1307,2019-08-08,CLOSE,47.65999984741211
1308,2019-08-09,OPEN,47.209999084472656
1309,2019-08-09,CLOSE,47.00199890136719
1310,2019-08-12,OPEN,46.59799957275391
1311,2019-08-12,CLOSE,45.80199813842773
1312,2019-08-13,OPEN,45.762001037597656
1313,2019-08-13,CLOSE,47.0
1314,2019-08-14,OPEN,46.242000579833984
1315,2019-08-14,CLOSE,43.92399978637695
1316,2019-08-15,OPEN,44.172000885009766
1317,2019-08-15,CLOSE,43.12799835205078
1318,2019-08-16,OPEN,43.33200073242188
1319,2019-08-16,CLOSE,43.98799896240234
1320,2019-08-19,OPEN,44.84199905395508
1321,2019-08-19,CLOSE,45.36600112915039
1322,2019-08-20,OPEN,45.52399826049805
1323,2019-08-20,CLOSE,45.172000885009766
1324,2019-08-21,OPEN,44.402000427246094
1325,2019-08-21,CLOSE,44.16600036621094
1326,2019-08-22,OPEN,44.560001373291016
1327,2019-08-22,CLOSE,44.43000030517578
1328,2019-08-23,OPEN,43.99399948120117
1329,2019-08-23,CLOSE,42.27999877929688
1330,2019-08-26,OPEN,42.720001220703125
1331,2019-08-26,CLOSE,43.0
1332,2019-08-27,OPEN,43.14799880981445
1333,2019-08-27,CLOSE,42.81600189208984
1334,2019-08-28,OPEN,42.73799896240234
1335,2019-08-28,CLOSE,43.11800003051758
1336,2019-08-29,OPEN,43.79999923706055
1337,2019-08-29,CLOSE,44.34199905395508
1338,2019-08-30,OPEN,45.83000183105469
1339,2019-08-30,CLOSE,45.12200164794922
1340,2019-09-03,OPEN,44.81600189208984
1341,2019-09-03,CLOSE,45.00199890136719
1342,2019-09-04,OPEN,45.37799835205078
1343,2019-09-04,CLOSE,44.13600158691406
1344,2019-09-05,OPEN,44.5
1345,2019-09-05,CLOSE,45.91600036621094
1346,2019-09-06,OPEN,45.43999862670898
1347,2019-09-06,CLOSE,45.4900016784668
1348,2019-09-09,OPEN,46.0
1349,2019-09-09,CLOSE,46.358001708984375
1350,2019-09-10,OPEN,46.15999984741211
1351,2019-09-10,CLOSE,47.108001708984375
1352,2019-09-11,OPEN,47.47600173950195
1353,2019-09-11,CLOSE,49.41999816894531
1354,2019-09-12,OPEN,49.540000915527344
1355,2019-09-12,CLOSE,49.17399978637695
1356,2019-09-13,OPEN,49.391998291015625
1357,2019-09-13,CLOSE,49.040000915527344
1358,2019-09-16,OPEN,49.20000076293945
1359,2019-09-16,CLOSE,48.5620002746582
1360,2019-09-17,OPEN,48.49399948120117
1361,2019-09-17,CLOSE,48.95800018310547
1362,2019-09-18,OPEN,49.0
1363,2019-09-18,CLOSE,48.698001861572266
1364,2019-09-19,OPEN,49.20000076293945
1365,2019-09-19,CLOSE,49.31999969482422
1366,2019-09-20,OPEN,49.29800033569336
1367,2019-09-20,CLOSE,48.124000549316406
1368,2019-09-23,OPEN,48.0
1369,2019-09-23,CLOSE,48.24599838256836
1370,2019-09-24,OPEN,48.30400085449219
1371,2019-09-24,CLOSE,44.641998291015625
1372,2019-09-25,OPEN,44.9119987487793
1373,2019-09-25,CLOSE,45.7400016784668
1374,2019-09-26,OPEN,46.13199996948242
1375,2019-09-26,CLOSE,48.512001037597656
1376,2019-09-27,OPEN,48.43999862670898
1377,2019-09-27,CLOSE,48.42599868774414
1378,2019-09-30,OPEN,48.59999847412109
1379,2019-09-30,CLOSE,48.17399978637695
1380,2019-10-01,OPEN,48.29999923706055
1381,2019-10-01,CLOSE,48.9379997253418
1382,2019-10-02,OPEN,48.65800094604492
1383,2019-10-02,CLOSE,48.6259994506836
1384,2019-10-03,OPEN,46.37200164794922
1385,2019-10-03,CLOSE,46.60599899291992
1386,2019-10-04,OPEN,46.321998596191406
1387,2019-10-04,CLOSE,46.2859992980957
1388,2019-10-07,OPEN,45.959999084472656
1389,2019-10-07,CLOSE,47.54399871826172
1390,2019-10-08,OPEN,47.17399978637695
1391,2019-10-08,CLOSE,48.0099983215332
1392,2019-10-09,OPEN,48.26399993896485
1393,2019-10-09,CLOSE,48.90599822998047
1394,2019-10-10,OPEN,49.055999755859375
1395,2019-10-10,CLOSE,48.948001861572266
1396,2019-10-11,OPEN,49.43000030517578
1397,2019-10-11,CLOSE,49.57799911499024
1398,2019-10-14,OPEN,49.58000183105469
1399,2019-10-14,CLOSE,51.391998291015625
1400,2019-10-15,OPEN,51.540000915527344
1401,2019-10-15,CLOSE,51.57799911499024
1402,2019-10-16,OPEN,51.47800064086914
1403,2019-10-16,CLOSE,51.95000076293945
1404,2019-10-17,OPEN,52.5
1405,2019-10-17,CLOSE,52.39400100708008
1406,2019-10-18,OPEN,52.13999938964844
1407,2019-10-18,CLOSE,51.38999938964844
1408,2019-10-21,OPEN,51.66600036621094
1409,2019-10-21,CLOSE,50.70000076293945
1410,2019-10-22,OPEN,50.86399841308594
1411,2019-10-22,CLOSE,51.11600112915039
1412,2019-10-23,OPEN,50.900001525878906
1413,2019-10-23,CLOSE,50.93600082397461
1414,2019-10-24,OPEN,59.67399978637695
1415,2019-10-24,CLOSE,59.93600082397461
1416,2019-10-25,OPEN,59.54399871826172
1417,2019-10-25,CLOSE,65.6259994506836
1418,2019-10-28,OPEN,65.50800323486328
1419,2019-10-28,CLOSE,65.54199981689453
1420,2019-10-29,OPEN,63.99800109863281
1421,2019-10-29,CLOSE,63.24399948120117
1422,2019-10-30,OPEN,62.59999847412109
1423,2019-10-30,CLOSE,63.00199890136719
1424,2019-10-31,OPEN,62.619998931884766
1425,2019-10-31,CLOSE,62.98400115966797
1426,2019-11-01,OPEN,63.26399993896485
1427,2019-11-01,CLOSE,62.6619987487793
1428,2019-11-04,OPEN,62.959999084472656
1429,2019-11-04,CLOSE,63.49399948120117
1430,2019-11-05,OPEN,63.92399978637695
1431,2019-11-05,CLOSE,63.44400024414063
1432,2019-11-06,OPEN,63.59999847412109
1433,2019-11-06,CLOSE,65.31600189208984
1434,2019-11-07,OPEN,65.8280029296875
1435,2019-11-07,CLOSE,67.10800170898438
1436,2019-11-08,OPEN,66.9000015258789
1437,2019-11-08,CLOSE,67.4280014038086
1438,2019-11-11,OPEN,68.79000091552734
1439,2019-11-11,CLOSE,69.01799774169922
1440,2019-11-12,OPEN,69.37999725341797
1441,2019-11-12,CLOSE,69.98600006103516
1442,2019-11-13,OPEN,71.0
1443,2019-11-13,CLOSE,69.22200012207031
1444,2019-11-14,OPEN,69.22200012207031
1445,2019-11-14,CLOSE,69.87000274658203
1446,2019-11-15,OPEN,70.12799835205078
1447,2019-11-15,CLOSE,70.43399810791016
1448,2019-11-18,OPEN,70.58399963378906
1449,2019-11-18,CLOSE,69.99800109863281
1450,2019-11-19,OPEN,70.3499984741211
1451,2019-11-19,CLOSE,71.90399932861328
1452,2019-11-20,OPEN,72.0
1453,2019-11-20,CLOSE,70.44400024414062
1454,2019-11-21,OPEN,70.9020004272461
1455,2019-11-21,CLOSE,70.96600341796875
1456,2019-11-22,OPEN,68.03199768066406
1457,2019-11-22,CLOSE,66.60800170898438
1458,2019-11-25,OPEN,68.86399841308594
1459,2019-11-25,CLOSE,67.26799774169922
1460,2019-11-26,OPEN,67.05400085449219
1461,2019-11-26,CLOSE,65.78399658203125
1462,2019-11-27,OPEN,66.2239990234375
1463,2019-11-27,CLOSE,66.25800323486328
1464,2019-11-29,OPEN,66.22200012207031
1465,2019-11-29,CLOSE,65.98799896240234
1466,2019-12-02,OPEN,65.87999725341797
1467,2019-12-02,CLOSE,66.9739990234375
1468,2019-12-03,OPEN,66.52400207519531
1469,2019-12-03,CLOSE,67.23999786376953
1470,2019-12-04,OPEN,67.55000305175781
1471,2019-12-04,CLOSE,66.60600280761719
1472,2019-12-05,OPEN,66.56600189208984
1473,2019-12-05,CLOSE,66.0739974975586
1474,2019-12-06,OPEN,67.0
1475,2019-12-06,CLOSE,67.1780014038086
1476,2019-12-09,OPEN,67.31800079345703
1477,2019-12-09,CLOSE,67.90599822998047
1478,2019-12-10,OPEN,67.99199676513672
1479,2019-12-10,CLOSE,69.76799774169922
1480,2019-12-11,OPEN,70.3759994506836
1481,2019-12-11,CLOSE,70.54000091552734
1482,2019-12-12,OPEN,70.98400115966797
1483,2019-12-12,CLOSE,71.93599700927734
1484,2019-12-13,OPEN,72.20999908447266
1485,2019-12-13,CLOSE,71.6780014038086
1486,2019-12-16,OPEN,72.51000213623047
1487,2019-12-16,CLOSE,76.30000305175781
1488,2019-12-17,OPEN,75.7979965209961
1489,2019-12-17,CLOSE,75.7979965209961
1490,2019-12-18,OPEN,76.1259994506836
1491,2019-12-18,CLOSE,78.62999725341797
1492,2019-12-19,OPEN,79.46399688720703
1493,2019-12-19,CLOSE,80.80799865722656
1494,2019-12-20,OPEN,82.05799865722656
1495,2019-12-20,CLOSE,81.11799621582031
1496,2019-12-23,OPEN,82.35600280761719
1497,2019-12-23,CLOSE,83.84400177001953
1498,2019-12-24,OPEN,83.6719970703125
1499,2019-12-24,CLOSE,85.05000305175781
1500,2019-12-26,OPEN,85.58200073242188
1501,2019-12-26,CLOSE,86.18800354003906
1502,2019-12-27,OPEN,87.0
1503,2019-12-27,CLOSE,86.07599639892578
1504,2019-12-30,OPEN,85.75800323486328
1505,2019-12-30,CLOSE,82.94000244140625
1506,2019-12-31,OPEN,81.0
1507,2019-12-31,CLOSE,83.66600036621094
1508,2020-01-02,OPEN,84.9000015258789
1509,2020-01-02,CLOSE,86.052001953125
1510,2020-01-03,OPEN,88.0999984741211
1511,2020-01-03,CLOSE,88.60199737548828
1512,2020-01-06,OPEN,88.09400177001953
1513,2020-01-06,CLOSE,90.30799865722656
1514,2020-01-07,OPEN,92.27999877929688
1515,2020-01-07,CLOSE,93.81199645996094
1516,2020-01-08,OPEN,94.73999786376952
1517,2020-01-08,CLOSE,98.4280014038086
1518,2020-01-09,OPEN,99.41999816894533
1519,2020-01-09,CLOSE,96.26799774169922
1520,2020-01-10,OPEN,96.35800170898438
1521,2020-01-10,CLOSE,95.62999725341795
1522,2020-01-13,OPEN,98.6999969482422
1523,2020-01-13,CLOSE,104.97200012207033
1524,2020-01-14,OPEN,108.85199737548828
1525,2020-01-14,CLOSE,107.58399963378906
1526,2020-01-15,OPEN,105.9520034790039
1527,2020-01-15,CLOSE,103.6999969482422
1528,2020-01-16,OPEN,98.75
1529,2020-01-16,CLOSE,102.697998046875
1530,2020-01-17,OPEN,101.52200317382812
1531,2020-01-17,CLOSE,102.0999984741211
1532,2020-01-21,OPEN,106.0500030517578
1533,2020-01-21,CLOSE,109.44000244140624
1534,2020-01-22,OPEN,114.37799835205078
1535,2020-01-22,CLOSE,113.91200256347656
1536,2020-01-23,OPEN,112.8499984741211
1537,2020-01-23,CLOSE,114.44000244140624
1538,2020-01-24,OPEN,114.1259994506836
1539,2020-01-24,CLOSE,112.96399688720705
1540,2020-01-27,OPEN,108.39800262451172
1541,2020-01-27,CLOSE,111.60399627685548
1542,2020-01-28,OPEN,113.697998046875
1543,2020-01-28,CLOSE,113.37999725341795
1544,2020-01-29,OPEN,115.13800048828124
1545,2020-01-29,CLOSE,116.197998046875
1546,2020-01-30,OPEN,126.48400115966795
1547,2020-01-30,CLOSE,128.16200256347656
1548,2020-01-31,OPEN,128.0
1549,2020-01-31,CLOSE,130.11399841308594
1550,2020-02-03,OPEN,134.73800659179688
1551,2020-02-03,CLOSE,156.0
1552,2020-02-04,OPEN,176.5919952392578
1553,2020-02-04,CLOSE,177.41200256347656
1554,2020-02-05,OPEN,164.65199279785156
1555,2020-02-05,CLOSE,146.94000244140625
1556,2020-02-06,OPEN,139.98399353027344
1557,2020-02-06,CLOSE,149.79200744628906
1558,2020-02-07,OPEN,146.11000061035156
1559,2020-02-07,CLOSE,149.61399841308594
1560,2020-02-10,OPEN,160.0
1561,2020-02-10,CLOSE,154.25599670410156
1562,2020-02-11,OPEN,153.75799560546875
1563,2020-02-11,CLOSE,154.87600708007812
1564,2020-02-12,OPEN,155.57400512695312
1565,2020-02-12,CLOSE,153.45799255371094
1566,2020-02-13,OPEN,148.3679962158203
1567,2020-02-13,CLOSE,160.8000030517578
1568,2020-02-14,OPEN,157.44400024414062
1569,2020-02-14,CLOSE,160.00599670410156
1570,2020-02-18,OPEN,168.32000732421875
1571,2020-02-18,CLOSE,171.67999267578125
1572,2020-02-19,OPEN,184.6999969482422
1573,2020-02-19,CLOSE,183.48399353027344
1574,2020-02-20,OPEN,182.38999938964844
1575,2020-02-20,CLOSE,179.8820037841797
1576,2020-02-21,OPEN,181.39599609375
1577,2020-02-21,CLOSE,180.1999969482422
1578,2020-02-24,OPEN,167.8000030517578
1579,2020-02-24,CLOSE,166.75799560546875
1580,2020-02-25,OPEN,169.8000030517578
1581,2020-02-25,CLOSE,159.98199462890625
1582,2020-02-26,OPEN,156.5
1583,2020-02-26,CLOSE,155.75999450683594
1584,2020-02-27,OPEN,146.0
1585,2020-02-27,CLOSE,135.8000030517578
1586,2020-02-28,OPEN,125.94000244140624
1587,2020-02-28,CLOSE,133.59800720214844
1588,2020-03-02,OPEN,142.2519989013672
1589,2020-03-02,CLOSE,148.7239990234375
1590,2020-03-03,OPEN,161.0
1591,2020-03-03,CLOSE,149.1020050048828
1592,2020-03-04,OPEN,152.79200744628906
1593,2020-03-04,CLOSE,149.89999389648438
1594,2020-03-05,OPEN,144.75399780273438
1595,2020-03-05,CLOSE,144.9080047607422
1596,2020-03-06,OPEN,138.0
1597,2020-03-06,CLOSE,140.6959991455078
1598,2020-03-09,OPEN,121.0780029296875
1599,2020-03-09,CLOSE,121.5999984741211
1600,2020-03-10,OPEN,131.88600158691406
1601,2020-03-10,CLOSE,129.0659942626953
1602,2020-03-11,OPEN,128.0399932861328
1603,2020-03-11,CLOSE,126.84600067138672
1604,2020-03-12,OPEN,116.1780014038086
1605,2020-03-12,CLOSE,112.11000061035156
1606,2020-03-13,OPEN,119.0
1607,2020-03-13,CLOSE,109.3239974975586
1608,2020-03-16,OPEN,93.9000015258789
1609,2020-03-16,CLOSE,89.01399993896484
1610,2020-03-17,OPEN,88.00199890136719
1611,2020-03-17,CLOSE,86.04000091552734
1612,2020-03-18,OPEN,77.80000305175781
1613,2020-03-18,CLOSE,72.24400329589844
1614,2020-03-19,OPEN,74.94000244140625
1615,2020-03-19,CLOSE,85.52799987792969
1616,2020-03-20,OPEN,87.63999938964844
1617,2020-03-20,CLOSE,85.50599670410156
1618,2020-03-23,OPEN,86.72000122070312
1619,2020-03-23,CLOSE,86.85800170898438
1620,2020-03-24,OPEN,95.45999908447266
1621,2020-03-24,CLOSE,101.0
1622,2020-03-25,OPEN,109.0500030517578
1623,2020-03-25,CLOSE,107.8499984741211
1624,2020-03-26,OPEN,109.47799682617188
1625,2020-03-26,CLOSE,105.63200378417967
1626,2020-03-27,OPEN,101.0
1627,2020-03-27,CLOSE,102.87200164794922
1628,2020-03-30,OPEN,102.052001953125
1629,2020-03-30,CLOSE,100.4260025024414
1630,2020-03-31,OPEN,100.25
1631,2020-03-31,CLOSE,104.8000030517578
1632,2020-04-01,OPEN,100.8000030517578
1633,2020-04-01,CLOSE,96.31199645996094
1634,2020-04-02,OPEN,96.20600128173828
1635,2020-04-02,CLOSE,90.8939971923828
1636,2020-04-03,OPEN,101.9000015258789
1637,2020-04-03,CLOSE,96.0019989013672
1638,2020-04-06,OPEN,102.23999786376952
1639,2020-04-06,CLOSE,103.2480010986328
1640,2020-04-07,OPEN,109.0
1641,2020-04-07,CLOSE,109.08999633789062
1642,2020-04-08,OPEN,110.83999633789062
1643,2020-04-08,CLOSE,109.76799774169922
1644,2020-04-09,OPEN,112.41799926757812
1645,2020-04-09,CLOSE,114.5999984741211
1646,2020-04-13,OPEN,118.03199768066406
1647,2020-04-13,CLOSE,130.19000244140625
1648,2020-04-14,OPEN,139.79400634765625
1649,2020-04-14,CLOSE,141.97799682617188
1650,2020-04-15,OPEN,148.39999389648438
1651,2020-04-15,CLOSE,145.96600341796875
1652,2020-04-16,OPEN,143.38800048828125
1653,2020-04-16,CLOSE,149.04200744628906
1654,2020-04-17,OPEN,154.45599365234375
1655,2020-04-17,CLOSE,150.7779998779297
1656,2020-04-20,OPEN,146.5399932861328
1657,2020-04-20,CLOSE,149.27200317382812
1658,2020-04-21,OPEN,146.0240020751953
1659,2020-04-21,CLOSE,137.343994140625
1660,2020-04-22,OPEN,140.79600524902344
1661,2020-04-22,CLOSE,146.4219970703125
1662,2020-04-23,OPEN,145.52000427246094
1663,2020-04-23,CLOSE,141.12600708007812
1664,2020-04-24,OPEN,142.16200256347656
1665,2020-04-24,CLOSE,145.02999877929688
1666,2020-04-27,OPEN,147.52200317382812
1667,2020-04-27,CLOSE,159.75
1668,2020-04-28,OPEN,159.1280059814453
1669,2020-04-28,CLOSE,153.82400512695312
1670,2020-04-29,OPEN,158.03399658203125
1671,2020-04-29,CLOSE,160.1020050048828
1672,2020-04-30,OPEN,171.03799438476562
1673,2020-04-30,CLOSE,156.37600708007812
1674,2020-05-01,OPEN,151.0
1675,2020-05-01,CLOSE,140.26400756835938
1676,2020-05-04,OPEN,140.1999969482422
1677,2020-05-04,CLOSE,152.23800659179688
1678,2020-05-05,OPEN,157.95799255371094
1679,2020-05-05,CLOSE,153.64199829101562
1680,2020-05-06,OPEN,155.3000030517578
1681,2020-05-06,CLOSE,156.51600646972656
1682,2020-05-07,OPEN,155.44200134277344
1683,2020-05-07,CLOSE,156.00799560546875
1684,2020-05-08,OPEN,158.75399780273438
1685,2020-05-08,CLOSE,163.88400268554688
1686,2020-05-11,OPEN,158.1020050048828
1687,2020-05-11,CLOSE,162.25799560546875
1688,2020-05-12,OPEN,165.39999389648438
1689,2020-05-12,CLOSE,161.8820037841797
1690,2020-05-13,OPEN,164.16600036621094
1691,2020-05-13,CLOSE,158.19200134277344
1692,2020-05-14,OPEN,156.0
1693,2020-05-14,CLOSE,160.66600036621094
1694,2020-05-15,OPEN,158.07000732421875
1695,2020-05-15,CLOSE,159.83399963378906
1696,2020-05-18,OPEN,165.55599975585938
1697,2020-05-18,CLOSE,162.7259979248047
1698,2020-05-19,OPEN,163.03399658203125
1699,2020-05-19,CLOSE,161.6020050048828
1700,2020-05-20,OPEN,164.10000610351562
1701,2020-05-20,CLOSE,163.11199951171875
1702,2020-05-21,OPEN,163.1999969482422
1703,2020-05-21,CLOSE,165.52000427246094
1704,2020-05-22,OPEN,164.4340057373047
1705,2020-05-22,CLOSE,163.37600708007812
1706,2020-05-26,OPEN,166.89999389648438
1707,2020-05-26,CLOSE,163.7740020751953
1708,2020-05-27,OPEN,164.1719970703125
1709,2020-05-27,CLOSE,164.04600524902344
1710,2020-05-28,OPEN,162.70199584960938
1711,2020-05-28,CLOSE,161.16200256347656
1712,2020-05-29,OPEN,161.75
1713,2020-05-29,CLOSE,167.0
1714,2020-06-01,OPEN,171.60000610351562
1715,2020-06-01,CLOSE,179.6199951171875
1716,2020-06-02,OPEN,178.94000244140625
1717,2020-06-02,CLOSE,176.31199645996094
1718,2020-06-03,OPEN,177.62399291992188
1719,2020-06-03,CLOSE,176.5919952392578
1720,2020-06-04,OPEN,177.9759979248047
1721,2020-06-04,CLOSE,172.87600708007812
1722,2020-06-05,OPEN,175.5679931640625
1723,2020-06-05,CLOSE,177.1320037841797
1724,2020-06-08,OPEN,183.8000030517578
1725,2020-06-08,CLOSE,189.98399353027344
1726,2020-06-09,OPEN,188.0019989013672
1727,2020-06-09,CLOSE,188.13400268554688
1728,2020-06-10,OPEN,198.37600708007807
1729,2020-06-10,CLOSE,205.00999450683597
1730,2020-06-11,OPEN,198.0399932861328
1731,2020-06-11,CLOSE,194.5679931640625
1732,2020-06-12,OPEN,196.0
1733,2020-06-12,CLOSE,187.05599975585935
1734,2020-06-15,OPEN,183.55799865722656
1735,2020-06-15,CLOSE,198.17999267578125
1736,2020-06-16,OPEN,202.3699951171875
1737,2020-06-16,CLOSE,196.42599487304688
1738,2020-06-17,OPEN,197.54200744628903
1739,2020-06-17,CLOSE,198.3580017089844
1740,2020-06-18,OPEN,200.6000061035156
1741,2020-06-18,CLOSE,200.79200744628903
1742,2020-06-19,OPEN,202.55599975585935
1743,2020-06-19,CLOSE,200.17999267578125
1744,2020-06-22,OPEN,199.9900054931641
1745,2020-06-22,CLOSE,198.86399841308597
1746,2020-06-23,OPEN,199.7760009765625
1747,2020-06-23,CLOSE,200.3560028076172
1748,2020-06-24,OPEN,198.82200622558597
1749,2020-06-24,CLOSE,192.1699981689453
1750,2020-06-25,OPEN,190.85400390625
1751,2020-06-25,CLOSE,197.1959991455078
1752,2020-06-26,OPEN,198.95599365234372
1753,2020-06-26,CLOSE,191.947998046875
1754,2020-06-29,OPEN,193.802001953125
1755,2020-06-29,CLOSE,201.8699951171875
1756,2020-06-30,OPEN,201.3000030517578
1757,2020-06-30,CLOSE,215.9620056152344
1758,2020-07-01,OPEN,216.6000061035156
1759,2020-07-01,CLOSE,223.92599487304688
1760,2020-07-02,OPEN,244.29600524902344
1761,2020-07-02,CLOSE,241.73199462890625
1762,2020-07-06,OPEN,255.33799743652344
1763,2020-07-06,CLOSE,274.3160095214844
1764,2020-07-07,OPEN,281.00201416015625
1765,2020-07-07,CLOSE,277.97198486328125
1766,2020-07-08,OPEN,281.0
1767,2020-07-08,CLOSE,273.1759948730469
1768,2020-07-09,OPEN,279.39801025390625
1769,2020-07-09,CLOSE,278.8559875488281
1770,2020-07-10,OPEN,279.20001220703125
1771,2020-07-10,CLOSE,308.92999267578125
1772,2020-07-13,OPEN,331.79998779296875
1773,2020-07-13,CLOSE,299.4119873046875
1774,2020-07-14,OPEN,311.20001220703125
1775,2020-07-14,CLOSE,303.3599853515625
1776,2020-07-15,OPEN,308.6000061035156
1777,2020-07-15,CLOSE,309.2019958496094
1778,2020-07-16,OPEN,295.4320068359375
1779,2020-07-16,CLOSE,300.12799072265625
1780,2020-07-17,OPEN,302.69000244140625
1781,2020-07-17,CLOSE,300.1679992675781
1782,2020-07-20,OPEN,303.802001953125
1783,2020-07-20,CLOSE,328.6000061035156
1784,2020-07-21,OPEN,327.9859924316406
1785,2020-07-21,CLOSE,313.6719970703125
1786,2020-07-22,OPEN,319.79998779296875
1787,2020-07-22,CLOSE,318.46600341796875
1788,2020-07-23,OPEN,335.7900085449219
1789,2020-07-23,CLOSE,302.614013671875
1790,2020-07-24,OPEN,283.2019958496094
1791,2020-07-24,CLOSE,283.3999938964844
1792,2020-07-27,OPEN,287.0
1793,2020-07-27,CLOSE,307.9200134277344
1794,2020-07-28,OPEN,300.79998779296875
1795,2020-07-28,CLOSE,295.2980041503906
1796,2020-07-29,OPEN,300.20001220703125
1797,2020-07-29,CLOSE,299.8219909667969
1798,2020-07-30,OPEN,297.6000061035156
1799,2020-07-30,CLOSE,297.4979858398437
1800,2020-07-31,OPEN,303.0
1801,2020-07-31,CLOSE,286.1520080566406
1802,2020-08-03,OPEN,289.8399963378906
1803,2020-08-03,CLOSE,297.0
1804,2020-08-04,OPEN,299.00201416015625
1805,2020-08-04,CLOSE,297.3999938964844
1806,2020-08-05,OPEN,298.5979919433594
1807,2020-08-05,CLOSE,297.0039978027344
1808,2020-08-06,OPEN,298.1659851074219
1809,2020-08-06,CLOSE,297.9159851074219
1810,2020-08-07,OPEN,299.9079895019531
1811,2020-08-07,CLOSE,290.5419921875
1812,2020-08-10,OPEN,289.6000061035156
1813,2020-08-10,CLOSE,283.7139892578125
1814,2020-08-11,OPEN,279.20001220703125
1815,2020-08-11,CLOSE,274.87799072265625
1816,2020-08-12,OPEN,294.0
1817,2020-08-12,CLOSE,310.9519958496094
1818,2020-08-13,OPEN,322.20001220703125
1819,2020-08-13,CLOSE,324.20001220703125
1820,2020-08-14,OPEN,332.9979858398437
1821,2020-08-14,CLOSE,330.1419982910156
1822,2020-08-17,OPEN,335.3999938964844
1823,2020-08-17,CLOSE,367.12799072265625
1824,2020-08-18,OPEN,379.7980041503906
1825,2020-08-18,CLOSE,377.4179992675781
1826,2020-08-19,OPEN,373.0
1827,2020-08-19,CLOSE,375.70599365234375
1828,2020-08-20,OPEN,372.135986328125
1829,2020-08-20,CLOSE,400.3659973144531
1830,2020-08-21,OPEN,408.9519958496094
1831,2020-08-21,CLOSE,409.9960021972656
1832,2020-08-24,OPEN,425.2560119628906
1833,2020-08-24,CLOSE,402.8399963378906
1834,2020-08-25,OPEN,394.9779968261719
1835,2020-08-25,CLOSE,404.6679992675781
1836,2020-08-26,OPEN,412.0
1837,2020-08-26,CLOSE,430.6340026855469
1838,2020-08-27,OPEN,436.0920104980469
1839,2020-08-27,CLOSE,447.75
1840,2020-08-28,OPEN,459.0239868164063
1841,2020-08-28,CLOSE,442.6799926757813
1842,2020-08-31,OPEN,444.6099853515625
1843,2020-08-31,CLOSE,498.3200073242188
1844,2020-09-01,OPEN,502.1400146484375
1845,2020-09-01,CLOSE,475.0499877929688
1846,2020-09-02,OPEN,478.989990234375
1847,2020-09-02,CLOSE,447.3699951171875
1848,2020-09-03,OPEN,407.2300109863281
1849,2020-09-03,CLOSE,407.0
1850,2020-09-04,OPEN,402.80999755859375
1851,2020-09-04,CLOSE,418.3200073242188
1852,2020-09-08,OPEN,356.0
1853,2020-09-08,CLOSE,330.2099914550781
1854,2020-09-09,OPEN,356.6000061035156
1855,2020-09-09,CLOSE,366.2799987792969
1856,2020-09-10,OPEN,386.2099914550781
1857,2020-09-10,CLOSE,371.3399963378906
1858,2020-09-11,OPEN,381.9400024414063
1859,2020-09-11,CLOSE,372.7200012207031
1860,2020-09-14,OPEN,380.9500122070313
1861,2020-09-14,CLOSE,419.6199951171875
1862,2020-09-15,OPEN,436.55999755859375
1863,2020-09-15,CLOSE,449.760009765625
1864,2020-09-16,OPEN,439.8699951171875
1865,2020-09-16,CLOSE,441.760009765625
1866,2020-09-17,OPEN,415.6000061035156
1867,2020-09-17,CLOSE,423.4299926757813
1868,2020-09-18,OPEN,447.9400024414063
1869,2020-09-18,CLOSE,442.1499938964844
1870,2020-09-21,OPEN,453.1300048828125
1871,2020-09-21,CLOSE,449.3900146484375
1872,2020-09-22,OPEN,429.6000061035156
1873,2020-09-22,CLOSE,424.2300109863281
1874,2020-09-23,OPEN,405.1600036621094
1875,2020-09-23,CLOSE,380.3599853515625
1876,2020-09-24,OPEN,363.7999877929688
1877,2020-09-24,CLOSE,387.7900085449219
1878,2020-09-25,OPEN,393.4700012207031
1879,2020-09-25,CLOSE,407.3399963378906
1880,2020-09-28,OPEN,424.6199951171875
1881,2020-09-28,CLOSE,421.2000122070313
1882,2020-09-29,OPEN,416.0
1883,2020-09-29,CLOSE,419.0700073242188
1884,2020-09-30,OPEN,421.3200073242188
1885,2020-09-30,CLOSE,429.010009765625
1886,2020-10-01,OPEN,440.760009765625
1887,2020-10-01,CLOSE,448.1600036621094
1888,2020-10-02,OPEN,421.3900146484375
1889,2020-10-02,CLOSE,415.0899963378906
1890,2020-10-05,OPEN,423.3500061035156
1891,2020-10-05,CLOSE,425.6799926757813
1892,2020-10-06,OPEN,423.7900085449219
1893,2020-10-06,CLOSE,413.9800109863281
1894,2020-10-07,OPEN,419.8699951171875
1895,2020-10-07,CLOSE,425.2999877929688
1896,2020-10-08,OPEN,438.4400024414063
1897,2020-10-08,CLOSE,425.9200134277344
1898,2020-10-09,OPEN,430.1300048828125
1899,2020-10-09,CLOSE,434.0
1900,2020-10-12,OPEN,442.0
1901,2020-10-12,CLOSE,442.2999877929688
1902,2020-10-13,OPEN,443.3500061035156
1903,2020-10-13,CLOSE,446.6499938964844
1904,2020-10-14,OPEN,449.7799987792969
1905,2020-10-14,CLOSE,461.2999877929688
1906,2020-10-15,OPEN,450.30999755859375
1907,2020-10-15,CLOSE,448.8800048828125
1908,2020-10-16,OPEN,454.4400024414063
1909,2020-10-16,CLOSE,439.6700134277344
1910,2020-10-19,OPEN,446.239990234375
1911,2020-10-19,CLOSE,430.8299865722656
1912,2020-10-20,OPEN,431.75
1913,2020-10-20,CLOSE,421.9400024414063
1914,2020-10-21,OPEN,422.7000122070313
1915,2020-10-21,CLOSE,422.6400146484375
1916,2020-10-22,OPEN,441.9200134277344
1917,2020-10-22,CLOSE,425.7900085449219
1918,2020-10-23,OPEN,421.8399963378906
1919,2020-10-23,CLOSE,420.6300048828125
1920,2020-10-26,OPEN,411.6300048828125
1921,2020-10-26,CLOSE,420.2799987792969
1922,2020-10-27,OPEN,423.760009765625
1923,2020-10-27,CLOSE,424.6799926757813
1924,2020-10-28,OPEN,416.4800109863281
1925,2020-10-28,CLOSE,406.0199890136719
1926,2020-10-29,OPEN,409.9599914550781
1927,2020-10-29,CLOSE,410.8299865722656
1928,2020-10-30,OPEN,406.8999938964844
1929,2020-10-30,CLOSE,388.0400085449219
1930,2020-11-02,OPEN,394.0
1931,2020-11-02,CLOSE,400.510009765625
1932,2020-11-03,OPEN,409.7300109863281
1933,2020-11-03,CLOSE,423.8999938964844
1934,2020-11-04,OPEN,430.6199951171875
1935,2020-11-04,CLOSE,420.9800109863281
1936,2020-11-05,OPEN,428.2999877929688
1937,2020-11-05,CLOSE,438.0899963378906
1938,2020-11-06,OPEN,436.1000061035156
1939,2020-11-06,CLOSE,429.9500122070313
1940,2020-11-09,OPEN,439.5
1941,2020-11-09,CLOSE,421.260009765625
1942,2020-11-10,OPEN,420.0899963378906
1943,2020-11-10,CLOSE,410.3599853515625
1944,2020-11-11,OPEN,416.4500122070313
1945,2020-11-11,CLOSE,417.1300048828125
1946,2020-11-12,OPEN,415.0499877929688
1947,2020-11-12,CLOSE,411.760009765625
1948,2020-11-13,OPEN,410.8500061035156
1949,2020-11-13,CLOSE,408.5
1950,2020-11-16,OPEN,408.9299926757813
1951,2020-11-16,CLOSE,408.0899963378906
1952,2020-11-17,OPEN,460.1700134277344
1953,2020-11-17,CLOSE,441.6099853515625
1954,2020-11-18,OPEN,448.3500061035156
1955,2020-11-18,CLOSE,486.6400146484375
1956,2020-11-19,OPEN,492.0
1957,2020-11-19,CLOSE,499.2699890136719
1958,2020-11-20,OPEN,497.989990234375
1959,2020-11-20,CLOSE,489.6099853515625
1960,2020-11-23,OPEN,503.5
1961,2020-11-23,CLOSE,521.8499755859375
1962,2020-11-24,OPEN,540.4000244140625
1963,2020-11-24,CLOSE,555.3800048828125
1964,2020-11-25,OPEN,550.0599975585938
1965,2020-11-25,CLOSE,574.0
1966,2020-11-27,OPEN,581.1599731445312
1967,2020-11-27,CLOSE,585.760009765625
1968,2020-11-30,OPEN,602.2100219726562
1969,2020-11-30,CLOSE,567.5999755859375
1970,2020-12-01,OPEN,597.5900268554688
1971,2020-12-01,CLOSE,584.760009765625
1972,2020-12-02,OPEN,556.4400024414062
1973,2020-12-02,CLOSE,568.8200073242188
1974,2020-12-03,OPEN,590.02001953125
1975,2020-12-03,CLOSE,593.3800048828125
1976,2020-12-04,OPEN,591.010009765625
1977,2020-12-04,CLOSE,599.0399780273438
1978,2020-12-07,OPEN,604.9199829101562
1979,2020-12-07,CLOSE,641.760009765625
1980,2020-12-08,OPEN,625.510009765625
1981,2020-12-08,CLOSE,649.8800048828125
1982,2020-12-09,OPEN,653.6900024414062
1983,2020-12-09,CLOSE,604.47998046875
1984,2020-12-10,OPEN,574.3699951171875
1985,2020-12-10,CLOSE,627.0700073242188
1986,2020-12-11,OPEN,615.010009765625
1987,2020-12-11,CLOSE,609.989990234375
1988,2020-12-14,OPEN,619.0
1989,2020-12-14,CLOSE,639.8300170898438
1990,2020-12-15,OPEN,643.280029296875
1991,2020-12-15,CLOSE,633.25
1992,2020-12-16,OPEN,628.22998046875
1993,2020-12-16,CLOSE,622.77001953125
1994,2020-12-17,OPEN,628.1900024414062
1995,2020-12-17,CLOSE,655.9000244140625
1996,2020-12-18,OPEN,668.9000244140625
1997,2020-12-18,CLOSE,695.0
1998,2020-12-21,OPEN,666.239990234375
1999,2020-12-21,CLOSE,649.8599853515625
2000,2020-12-22,OPEN,648.0
2001,2020-12-22,CLOSE,640.3400268554688
2002,2020-12-23,OPEN,632.2000122070312
2003,2020-12-23,CLOSE,645.97998046875
2004,2020-12-24,OPEN,642.989990234375
2005,2020-12-24,CLOSE,661.77001953125
2006,2020-12-28,OPEN,674.510009765625
2007,2020-12-28,CLOSE,663.6900024414062
2008,2020-12-29,OPEN,661.0
2009,2020-12-29,CLOSE,665.989990234375
2010,2020-12-30,OPEN,672.0
2011,2020-12-30,CLOSE,694.780029296875
2012,2020-12-31,OPEN,699.989990234375
2013,2020-12-31,CLOSE,705.6699829101562
2014,2021-01-04,OPEN,719.4600219726562
2015,2021-01-04,CLOSE,729.77001953125
2016,2021-01-05,OPEN,723.6599731445312
2017,2021-01-05,CLOSE,735.1099853515625
2018,2021-01-06,OPEN,758.489990234375
2019,2021-01-06,CLOSE,755.97998046875
2020,2021-01-07,OPEN,777.6300048828125
2021,2021-01-07,CLOSE,816.0399780273438
2022,2021-01-08,OPEN,856.0
2023,2021-01-08,CLOSE,880.02001953125
2024,2021-01-11,OPEN,849.4000244140625
2025,2021-01-11,CLOSE,811.1900024414062
2026,2021-01-12,OPEN,831.0
2027,2021-01-12,CLOSE,849.4400024414062
2028,2021-01-13,OPEN,852.760009765625
2029,2021-01-13,CLOSE,854.4099731445312
2030,2021-01-14,OPEN,843.3900146484375
2031,2021-01-14,CLOSE,845.0
2032,2021-01-15,OPEN,852.0
2033,2021-01-15,CLOSE,826.1599731445312
2034,2021-01-19,OPEN,837.7999877929688
2035,2021-01-19,CLOSE,844.5499877929688
2036,2021-01-20,OPEN,858.739990234375
2037,2021-01-20,CLOSE,850.4500122070312
2038,2021-01-21,OPEN,855.0
2039,2021-01-21,CLOSE,844.989990234375
2040,2021-01-22,OPEN,834.3099975585938
2041,2021-01-22,CLOSE,846.6400146484375
2042,2021-01-25,OPEN,855.0
2043,2021-01-25,CLOSE,880.7999877929688
2044,2021-01-26,OPEN,891.3800048828125
2045,2021-01-26,CLOSE,883.0900268554688
2046,2021-01-27,OPEN,870.3499755859375
2047,2021-01-27,CLOSE,864.1599731445312
2048,2021-01-28,OPEN,820.0
2049,2021-01-28,CLOSE,835.4299926757812
2050,2021-01-29,OPEN,830.0
2051,2021-01-29,CLOSE,793.530029296875
2052,2021-02-01,OPEN,814.2899780273438
2053,2021-02-01,CLOSE,839.8099975585938
2054,2021-02-02,OPEN,844.6799926757812
2055,2021-02-02,CLOSE,872.7899780273438
2056,2021-02-03,OPEN,877.02001953125
2057,2021-02-03,CLOSE,854.6900024414062
2058,2021-02-04,OPEN,855.0
2059,2021-02-04,CLOSE,849.989990234375
2060,2021-02-05,OPEN,845.0
2061,2021-02-05,CLOSE,852.22998046875
2062,2021-02-08,OPEN,869.6699829101562
2063,2021-02-08,CLOSE,863.4199829101562
2064,2021-02-09,OPEN,855.1199951171875
2065,2021-02-09,CLOSE,849.4600219726562
2066,2021-02-10,OPEN,843.6400146484375
2067,2021-02-10,CLOSE,804.8200073242188
2068,2021-02-11,OPEN,812.4400024414062
2069,2021-02-11,CLOSE,811.6599731445312
2070,2021-02-12,OPEN,801.260009765625
2071,2021-02-12,CLOSE,816.1199951171875
2072,2021-02-16,OPEN,818.0
2073,2021-02-16,CLOSE,796.219970703125
2074,2021-02-17,OPEN,779.0900268554688
2075,2021-02-17,CLOSE,798.1500244140625
2076,2021-02-18,OPEN,780.9000244140625
2077,2021-02-18,CLOSE,787.3800048828125
2078,2021-02-19,OPEN,795.0
2079,2021-02-19,CLOSE,781.2999877929688
2080,2021-02-22,OPEN,762.6400146484375
2081,2021-02-22,CLOSE,714.5
2082,2021-02-23,OPEN,662.1300048828125
2083,2021-02-23,CLOSE,698.8400268554688
2084,2021-02-24,OPEN,711.8499755859375
2085,2021-02-24,CLOSE,742.02001953125
2086,2021-02-25,OPEN,726.1500244140625
2087,2021-02-25,CLOSE,682.219970703125
2088,2021-02-26,OPEN,700.0
2089,2021-02-26,CLOSE,675.5
2090,2021-03-01,OPEN,690.1099853515625
2091,2021-03-01,CLOSE,718.4299926757812
2092,2021-03-02,OPEN,718.280029296875
2093,2021-03-02,CLOSE,686.4400024414062
2094,2021-03-03,OPEN,687.989990234375
2095,2021-03-03,CLOSE,653.2000122070312
2096,2021-03-04,OPEN,655.7999877929688
2097,2021-03-04,CLOSE,621.4400024414062
2098,2021-03-05,OPEN,626.0599975585938
2099,2021-03-05,CLOSE,597.9500122070312
2100,2021-03-08,OPEN,600.5499877929688
2101,2021-03-08,CLOSE,563.0
2102,2021-03-09,OPEN,608.1799926757812
2103,2021-03-09,CLOSE,673.5800170898438
2104,2021-03-10,OPEN,700.2999877929688
2105,2021-03-10,CLOSE,668.0599975585938
2106,2021-03-11,OPEN,699.4000244140625
2107,2021-03-11,CLOSE,699.5999755859375
2108,2021-03-12,OPEN,670.0
2109,2021-03-12,CLOSE,693.72998046875
2110,2021-03-15,OPEN,694.0900268554688
2111,2021-03-15,CLOSE,707.9400024414062
2112,2021-03-16,OPEN,703.3499755859375
2113,2021-03-16,CLOSE,676.8800048828125
2114,2021-03-17,OPEN,656.8699951171875
2115,2021-03-17,CLOSE,701.8099975585938
2116,2021-03-18,OPEN,684.2899780273438
2117,2021-03-18,CLOSE,653.1599731445312
2118,2021-03-19,OPEN,646.5999755859375
2119,2021-03-19,CLOSE,654.8699951171875
2120,2021-03-22,OPEN,684.5900268554688
2121,2021-03-22,CLOSE,670.0
2122,2021-03-23,OPEN,675.77001953125
2123,2021-03-23,CLOSE,662.1599731445312
2124,2021-03-24,OPEN,667.9099731445312
2125,2021-03-24,CLOSE,630.27001953125
2126,2021-03-25,OPEN,613.0
2127,2021-03-25,CLOSE,640.3900146484375
2128,2021-03-26,OPEN,641.8699951171875
2129,2021-03-26,CLOSE,618.7100219726562
2130,2021-03-29,OPEN,615.6400146484375
2131,2021-03-29,CLOSE,611.2899780273438
2132,2021-03-30,OPEN,601.75
2133,2021-03-30,CLOSE,635.6199951171875
2134,2021-03-31,OPEN,646.6199951171875
2135,2021-03-31,CLOSE,667.9299926757812
2136,2021-04-01,OPEN,688.3699951171875
2137,2021-04-01,CLOSE,661.75
2138,2021-04-05,OPEN,707.7100219726562
2139,2021-04-05,CLOSE,691.0499877929688
2140,2021-04-06,OPEN,690.2999877929688
2141,2021-04-06,CLOSE,691.6199951171875
2142,2021-04-07,OPEN,687.0
2143,2021-04-07,CLOSE,670.969970703125
2144,2021-04-08,OPEN,677.3800048828125
2145,2021-04-08,CLOSE,683.7999877929688
2146,2021-04-09,OPEN,677.77001953125
2147,2021-04-09,CLOSE,677.02001953125
2148,2021-04-12,OPEN,685.7000122070312
2149,2021-04-12,CLOSE,701.97998046875
2150,2021-04-13,OPEN,712.7000122070312
2151,2021-04-13,CLOSE,762.3200073242188
2152,2021-04-14,OPEN,770.7000122070312
2153,2021-04-14,CLOSE,732.22998046875
2154,2021-04-15,OPEN,743.0999755859375
2155,2021-04-15,CLOSE,738.8499755859375
2156,2021-04-16,OPEN,728.6500244140625
2157,2021-04-16,CLOSE,739.780029296875
2158,2021-04-19,OPEN,719.5999755859375
2159,2021-04-19,CLOSE,714.6300048828125
2160,2021-04-20,OPEN,717.4199829101562
2161,2021-04-20,CLOSE,718.989990234375
2162,2021-04-21,OPEN,704.77001953125
2163,2021-04-21,CLOSE,744.1199951171875
2164,2021-04-22,OPEN,741.5
2165,2021-04-22,CLOSE,719.6900024414062
2166,2021-04-23,OPEN,719.7999877929688
2167,2021-04-23,CLOSE,729.4000244140625
2168,2021-04-26,OPEN,741.0
2169,2021-04-26,CLOSE,738.2000122070312
2170,2021-04-27,OPEN,717.9600219726562
2171,2021-04-27,CLOSE,704.739990234375
2172,2021-04-28,OPEN,696.4099731445312
2173,2021-04-28,CLOSE,694.4000244140625
2174,2021-04-29,OPEN,699.510009765625
2175,2021-04-29,CLOSE,677.0
2176,2021-04-30,OPEN,667.5900268554688
2177,2021-04-30,CLOSE,709.4400024414062
2178,2021-05-03,OPEN,703.7999877929688
2179,2021-05-03,CLOSE,684.9000244140625
2180,2021-05-04,OPEN,678.9400024414062
2181,2021-05-04,CLOSE,673.5999755859375
2182,2021-05-05,OPEN,681.0599975585938
2183,2021-05-05,CLOSE,670.9400024414062
2184,2021-05-06,OPEN,680.760009765625
2185,2021-05-06,CLOSE,663.5399780273438
2186,2021-05-07,OPEN,665.7999877929688
2187,2021-05-07,CLOSE,672.3699951171875
2188,2021-05-10,OPEN,664.9000244140625
2189,2021-05-10,CLOSE,629.0399780273438
2190,2021-05-11,OPEN,599.239990234375
2191,2021-05-11,CLOSE,617.2000122070312
2192,2021-05-12,OPEN,602.489990234375
2193,2021-05-12,CLOSE,589.8900146484375
2194,2021-05-13,OPEN,601.5399780273438
2195,2021-05-13,CLOSE,571.6900024414062
2196,2021-05-14,OPEN,583.4099731445312
2197,2021-05-14,CLOSE,589.739990234375
2198,2021-05-17,OPEN,575.5499877929688
2199,2021-05-17,CLOSE,576.8300170898438
2200,2021-05-18,OPEN,568.0
2201,2021-05-18,CLOSE,577.8699951171875
2202,2021-05-19,OPEN,552.5499877929688
2203,2021-05-19,CLOSE,563.4600219726562
2204,2021-05-20,OPEN,575.0
2205,2021-05-20,CLOSE,586.780029296875
2206,2021-05-21,OPEN,596.1099853515625
2207,2021-05-21,CLOSE,580.8800048828125
2208,2021-05-24,OPEN,581.5999755859375
2209,2021-05-24,CLOSE,606.4400024414062
2210,2021-05-25,OPEN,607.3099975585938
2211,2021-05-25,CLOSE,604.6900024414062
2212,2021-05-26,OPEN,607.5599975585938
2213,2021-05-26,CLOSE,619.1300048828125
2214,2021-05-27,OPEN,620.239990234375
2215,2021-05-27,CLOSE,630.8499755859375
2216,2021-05-28,OPEN,628.5
2217,2021-05-28,CLOSE,625.219970703125
2218,2021-06-01,OPEN,627.7999877929688
2219,2021-06-01,CLOSE,623.9000244140625
2220,2021-06-02,OPEN,620.1300048828125
2221,2021-06-02,CLOSE,605.1199951171875
2222,2021-06-03,OPEN,601.7999877929688
2223,2021-06-03,CLOSE,572.8400268554688
2224,2021-06-04,OPEN,579.7100219726562
2225,2021-06-04,CLOSE,599.0499877929688
2226,2021-06-07,OPEN,591.8300170898438
2227,2021-06-07,CLOSE,605.1300048828125
2228,2021-06-08,OPEN,623.010009765625
2229,2021-06-08,CLOSE,603.5900268554688
2230,2021-06-09,OPEN,602.1699829101562
2231,2021-06-09,CLOSE,598.780029296875
2232,2021-06-10,OPEN,603.8800048828125
2233,2021-06-10,CLOSE,610.1199951171875
2234,2021-06-11,OPEN,610.22998046875
2235,2021-06-11,CLOSE,609.8900146484375
2236,2021-06-14,OPEN,612.22998046875
2237,2021-06-14,CLOSE,617.6900024414062
2238,2021-06-15,OPEN,616.6900024414062
2239,2021-06-15,CLOSE,599.3599853515625
2240,2021-06-16,OPEN,597.5399780273438
2241,2021-06-16,CLOSE,604.8699951171875
2242,2021-06-17,OPEN,601.8900146484375
2243,2021-06-17,CLOSE,616.5999755859375
2244,2021-06-18,OPEN,613.3699951171875
2245,2021-06-18,CLOSE,623.3099975585938
2246,2021-06-21,OPEN,624.47998046875
2247,2021-06-21,CLOSE,620.8300170898438
2248,2021-06-22,OPEN,618.25
2249,2021-06-22,CLOSE,623.7100219726562
2250,2021-06-23,OPEN,632.0
2251,2021-06-23,CLOSE,656.5700073242188
2252,2021-06-24,OPEN,674.989990234375
2253,2021-06-24,CLOSE,679.8200073242188
2254,2021-06-25,OPEN,689.5800170898438
2255,2021-06-25,CLOSE,671.8699951171875
2256,2021-06-28,OPEN,671.6400146484375
2257,2021-06-28,CLOSE,688.719970703125
2258,2021-06-29,OPEN,684.6500244140625
2259,2021-06-29,CLOSE,680.760009765625
2260,2021-06-30,OPEN,679.77001953125
2261,2021-06-30,CLOSE,679.7000122070312
2262,2021-07-01,OPEN,683.9199829101562
2263,2021-07-01,CLOSE,677.9199829101562
2264,2021-07-02,OPEN,678.97998046875
2265,2021-07-02,CLOSE,678.9000244140625
2266,2021-07-06,OPEN,681.7100219726562
2267,2021-07-06,CLOSE,659.5800170898438
2268,2021-07-07,OPEN,664.27001953125
2269,2021-07-07,CLOSE,644.6500244140625
2270,2021-07-08,OPEN,628.3699951171875
2271,2021-07-08,CLOSE,652.8099975585938
2272,2021-07-09,OPEN,653.1799926757812
2273,2021-07-09,CLOSE,656.9500122070312
2274,2021-07-12,OPEN,662.2000122070312
2275,2021-07-12,CLOSE,685.7000122070312
2276,2021-07-13,OPEN,686.3200073242188
2277,2021-07-13,CLOSE,668.5399780273438
2278,2021-07-14,OPEN,670.75
2279,2021-07-14,CLOSE,653.3800048828125
2280,2021-07-15,OPEN,658.3900146484375
2281,2021-07-15,CLOSE,650.5999755859375
2282,2021-07-16,OPEN,654.6799926757812
2283,2021-07-16,CLOSE,644.219970703125
2284,2021-07-19,OPEN,629.8900146484375
2285,2021-07-19,CLOSE,646.219970703125
2286,2021-07-20,OPEN,651.989990234375
2287,2021-07-20,CLOSE,660.5
2288,2021-07-21,OPEN,659.6099853515625
2289,2021-07-21,CLOSE,655.2899780273438
2290,2021-07-22,OPEN,656.4400024414062
2291,2021-07-22,CLOSE,649.260009765625
2292,2021-07-23,OPEN,646.3599853515625
2293,2021-07-23,CLOSE,643.3800048828125
2294,2021-07-26,OPEN,650.969970703125
2295,2021-07-26,CLOSE,657.6199951171875
2296,2021-07-27,OPEN,663.4000244140625
2297,2021-07-27,CLOSE,644.780029296875
2298,2021-07-28,OPEN,647.0
2299,2021-07-28,CLOSE,646.97998046875
2300,2021-07-29,OPEN,649.7899780273438
2301,2021-07-29,CLOSE,677.3499755859375
2302,2021-07-30,OPEN,671.760009765625
2303,2021-07-30,CLOSE,687.2000122070312
2304,2021-08-02,OPEN,700.0
2305,2021-08-02,CLOSE,709.6699829101562
2306,2021-08-03,OPEN,719.0
2307,2021-08-03,CLOSE,709.739990234375
2308,2021-08-04,OPEN,711.0
2309,2021-08-04,CLOSE,710.9199829101562
2310,2021-08-05,OPEN,716.0
2311,2021-08-05,CLOSE,714.6300048828125
2312,2021-08-06,OPEN,711.9000244140625
2313,2021-08-06,CLOSE,699.0999755859375
2314,2021-08-09,OPEN,710.1699829101562
2315,2021-08-09,CLOSE,713.760009765625
2316,2021-08-10,OPEN,713.989990234375
2317,2021-08-10,CLOSE,709.989990234375
2318,2021-08-11,OPEN,712.7100219726562
2319,2021-08-11,CLOSE,707.8200073242188
2320,2021-08-12,OPEN,706.3400268554688
2321,2021-08-12,CLOSE,722.25
2322,2021-08-13,OPEN,723.7100219726562
2323,2021-08-13,CLOSE,717.1699829101562
2324,2021-08-16,OPEN,705.0700073242188
2325,2021-08-16,CLOSE,686.1699829101562
2326,2021-08-17,OPEN,672.6599731445312
2327,2021-08-17,CLOSE,665.7100219726562
2328,2021-08-18,OPEN,669.75
2329,2021-08-18,CLOSE,688.989990234375
2330,2021-08-19,OPEN,678.2100219726562
2331,2021-08-19,CLOSE,673.469970703125
2332,2021-08-20,OPEN,682.8499755859375
2333,2021-08-20,CLOSE,680.260009765625
2334,2021-08-23,OPEN,685.4400024414062
2335,2021-08-23,CLOSE,706.2999877929688
2336,2021-08-24,OPEN,710.6799926757812
2337,2021-08-24,CLOSE,708.489990234375
2338,2021-08-25,OPEN,707.030029296875
2339,2021-08-25,CLOSE,711.2000122070312
2340,2021-08-26,OPEN,708.3099975585938
2341,2021-08-26,CLOSE,701.1599731445312
2342,2021-08-27,OPEN,705.0
2343,2021-08-27,CLOSE,711.9199829101562
2344,2021-08-30,OPEN,714.719970703125
2345,2021-08-30,CLOSE,730.9099731445312
2346,2021-08-31,OPEN,733.0
2347,2021-08-31,CLOSE,735.719970703125
2348,2021-09-01,OPEN,734.0800170898438
2349,2021-09-01,CLOSE,734.0900268554688
2350,2021-09-02,OPEN,734.5
2351,2021-09-02,CLOSE,732.3900146484375
2352,2021-09-03,OPEN,732.25
2353,2021-09-03,CLOSE,733.5700073242188
2354,2021-09-07,OPEN,740.0
2355,2021-09-07,CLOSE,752.9199829101562
2356,2021-09-08,OPEN,761.5800170898438
2357,2021-09-08,CLOSE,753.8699951171875
2358,2021-09-09,OPEN,753.4099731445312
2359,2021-09-09,CLOSE,754.8599853515625
2360,2021-09-10,OPEN,759.5999755859375
2361,2021-09-10,CLOSE,736.27001953125
2362,2021-09-13,OPEN,740.2100219726562
2363,2021-09-13,CLOSE,743.0
2364,2021-09-14,OPEN,742.5700073242188
2365,2021-09-14,CLOSE,744.489990234375
2366,2021-09-15,OPEN,745.0
2367,2021-09-15,CLOSE,755.8300170898438
2368,2021-09-16,OPEN,752.8300170898438
2369,2021-09-16,CLOSE,756.989990234375
2370,2021-09-17,OPEN,757.1500244140625
2371,2021-09-17,CLOSE,759.489990234375
2372,2021-09-20,OPEN,734.5599975585938
2373,2021-09-20,CLOSE,730.1699829101562
2374,2021-09-21,OPEN,734.7899780273438
2375,2021-09-21,CLOSE,739.3800048828125
2376,2021-09-22,OPEN,743.530029296875
2377,2021-09-22,CLOSE,751.9400024414062
2378,2021-09-23,OPEN,755.0
2379,2021-09-23,CLOSE,753.6400146484375
2380,2021-09-24,OPEN,745.8900146484375
2381,2021-09-24,CLOSE,774.3900146484375
2382,2021-09-27,OPEN,773.1199951171875
2383,2021-09-27,CLOSE,791.3599853515625
2384,2021-09-28,OPEN,787.2000122070312
2385,2021-09-28,CLOSE,777.5599975585938
2386,2021-09-29,OPEN,779.7999877929688
2387,2021-09-29,CLOSE,781.3099975585938
2388,2021-09-30,OPEN,781.0
2389,2021-09-30,CLOSE,775.47998046875
2390,2021-10-01,OPEN,778.4000244140625
2391,2021-10-01,CLOSE,775.219970703125
2392,2021-10-04,OPEN,796.5
2393,2021-10-04,CLOSE,781.530029296875
2394,2021-10-05,OPEN,784.7999877929688
2395,2021-10-05,CLOSE,780.5900268554688
2396,2021-10-06,OPEN,776.2000122070312
2397,2021-10-06,CLOSE,782.75
2398,2021-10-07,OPEN,785.4600219726562
2399,2021-10-07,CLOSE,793.6099853515625
2400,2021-10-08,OPEN,796.2100219726562
2401,2021-10-08,CLOSE,785.489990234375
2402,2021-10-11,OPEN,787.6500244140625
2403,2021-10-11,CLOSE,791.9400024414062
2404,2021-10-12,OPEN,800.9299926757812
2405,2021-10-12,CLOSE,805.719970703125
2406,2021-10-13,OPEN,810.469970703125
2407,2021-10-13,CLOSE,811.0800170898438
2408,2021-10-14,OPEN,815.489990234375
2409,2021-10-14,CLOSE,818.3200073242188
2410,2021-10-15,OPEN,823.739990234375
2411,2021-10-15,CLOSE,843.030029296875
2412,2021-10-18,OPEN,851.7899780273438
2413,2021-10-18,CLOSE,870.1099853515625
2414,2021-10-19,OPEN,877.530029296875
2415,2021-10-19,CLOSE,864.27001953125
2416,2021-10-20,OPEN,865.3499755859375
2417,2021-10-20,CLOSE,865.7999877929688
2418,2021-10-21,OPEN,856.0
2419,2021-10-21,CLOSE,894.0
2420,2021-10-22,OPEN,895.5
2421,2021-10-22,CLOSE,909.6799926757812
2422,2021-10-25,OPEN,950.530029296875
2423,2021-10-25,CLOSE,1024.8599853515625
2424,2021-10-26,OPEN,1024.68994140625
2425,2021-10-26,CLOSE,1018.4299926757812
2426,2021-10-27,OPEN,1039.6600341796875
2427,2021-10-27,CLOSE,1037.8599853515625
2428,2021-10-28,OPEN,1068.31005859375
2429,2021-10-28,CLOSE,1077.0400390625
2430,2021-10-29,OPEN,1081.8599853515625
2431,2021-10-29,CLOSE,1114.0
2432,2021-11-01,OPEN,1145.0
2433,2021-11-01,CLOSE,1208.5899658203125
2434,2021-11-02,OPEN,1159.3599853515625
2435,2021-11-02,CLOSE,1172.0
2436,2021-11-03,OPEN,1177.3299560546875
2437,2021-11-03,CLOSE,1213.8599853515625
2438,2021-11-04,OPEN,1234.4100341796875
2439,2021-11-04,CLOSE,1229.9100341796875
2440,2021-11-05,OPEN,1228.0
2441,2021-11-05,CLOSE,1222.0899658203125
2442,2021-11-08,OPEN,1149.7900390625
2443,2021-11-08,CLOSE,1162.93994140625
2444,2021-11-09,OPEN,1173.5999755859375
2445,2021-11-09,CLOSE,1023.5
2446,2021-11-10,OPEN,1010.4099731445312
2447,2021-11-10,CLOSE,1067.949951171875
2448,2021-11-11,OPEN,1102.77001953125
2449,2021-11-11,CLOSE,1063.510009765625
2450,2021-11-12,OPEN,1047.5
2451,2021-11-12,CLOSE,1033.4200439453125
2452,2021-11-15,OPEN,1017.6300048828124
2453,2021-11-15,CLOSE,1013.3900146484376
2454,2021-11-16,OPEN,1003.3099975585938
2455,2021-11-16,CLOSE,1054.72998046875
2456,2021-11-17,OPEN,1063.510009765625
2457,2021-11-17,CLOSE,1089.010009765625
2458,2021-11-18,OPEN,1106.550048828125
2459,2021-11-18,CLOSE,1096.3800048828125
2460,2021-11-19,OPEN,1098.8699951171875
2461,2021-11-19,CLOSE,1137.06005859375
2462,2021-11-22,OPEN,1162.3299560546875
2463,2021-11-22,CLOSE,1156.8699951171875
2464,2021-11-23,OPEN,1167.510009765625
2465,2021-11-23,CLOSE,1109.030029296875
2466,2021-11-24,OPEN,1080.3900146484375
2467,2021-11-24,CLOSE,1116.0
2468,2021-11-26,OPEN,1099.469970703125
2469,2021-11-26,CLOSE,1081.9200439453125
2470,2021-11-29,OPEN,1100.989990234375
2471,2021-11-29,CLOSE,1136.989990234375
2472,2021-11-30,OPEN,1144.3699951171875
2473,2021-11-30,CLOSE,1144.760009765625
2474,2021-12-01,OPEN,1160.699951171875
2475,2021-12-01,CLOSE,1095.0
2476,2021-12-02,OPEN,1099.06005859375
2477,2021-12-02,CLOSE,1084.5999755859375
2478,2021-12-03,OPEN,1084.7900390625
2479,2021-12-03,CLOSE,1014.969970703125
2480,2021-12-06,OPEN,1001.510009765625
2481,2021-12-06,CLOSE,1009.010009765625
2482,2021-12-07,OPEN,1044.199951171875
2483,2021-12-07,CLOSE,1051.75
2484,2021-12-08,OPEN,1052.7099609375
2485,2021-12-08,CLOSE,1068.9599609375
2486,2021-12-09,OPEN,1060.6400146484375
2487,2021-12-09,CLOSE,1003.7999877929688
2488,2021-12-10,OPEN,1008.75
2489,2021-12-10,CLOSE,1017.030029296875
2490,2021-12-13,OPEN,1001.0900268554688
2491,2021-12-13,CLOSE,966.4099731445312
2492,2021-12-14,OPEN,945.0
2493,2021-12-14,CLOSE,958.510009765625
2494,2021-12-15,OPEN,953.2100219726562
2495,2021-12-15,CLOSE,975.989990234375
2496,2021-12-16,OPEN,994.5
2497,2021-12-16,CLOSE,926.9199829101562
2498,2021-12-17,OPEN,914.77001953125
2499,2021-12-17,CLOSE,932.5700073242188
2500,2021-12-20,OPEN,910.7000122070312
2501,2021-12-20,CLOSE,899.9400024414062
2502,2021-12-21,OPEN,916.8699951171876
2503,2021-12-21,CLOSE,938.530029296875
2504,2021-12-22,OPEN,965.6599731445312
2505,2021-12-22,CLOSE,1008.8699951171876
2506,2021-12-23,OPEN,1006.7999877929688
2507,2021-12-23,CLOSE,1067.0
2508,2021-12-27,OPEN,1073.6700439453125
2509,2021-12-27,CLOSE,1093.93994140625
2510,2021-12-28,OPEN,1109.489990234375
2511,2021-12-28,CLOSE,1088.469970703125
2512,2021-12-29,OPEN,1098.6400146484375
2513,2021-12-29,CLOSE,1086.18994140625
2514,2021-12-30,OPEN,1061.3299560546875
2515,2021-12-30,CLOSE,1070.3399658203125
2516,2021-12-31,OPEN,1073.43994140625
2517,2021-12-31,CLOSE,1056.780029296875
2518,2022-01-03,OPEN,1147.75
2519,2022-01-03,CLOSE,1199.780029296875
2520,2022-01-04,OPEN,1189.550048828125
2521,2022-01-04,CLOSE,1149.5899658203125
2522,2022-01-05,OPEN,1146.6500244140625
2523,2022-01-05,CLOSE,1088.1199951171875
2524,2022-01-06,OPEN,1077.0
2525,2022-01-06,CLOSE,1064.699951171875
2526,2022-01-07,OPEN,1080.3699951171875
2527,2022-01-07,CLOSE,1026.9599609375
2528,2022-01-10,OPEN,1000.0
2529,2022-01-10,CLOSE,1058.1199951171875
2530,2022-01-11,OPEN,1053.6700439453125
2531,2022-01-11,CLOSE,1064.4000244140625
2532,2022-01-12,OPEN,1078.8499755859375
2533,2022-01-12,CLOSE,1106.219970703125
2534,2022-01-13,OPEN,1109.0699462890625
2535,2022-01-13,CLOSE,1031.56005859375
2536,2022-01-14,OPEN,1019.8800048828124
2537,2022-01-14,CLOSE,1049.6099853515625
2538,2022-01-18,OPEN,1026.6099853515625
2539,2022-01-18,CLOSE,1030.510009765625
2540,2022-01-19,OPEN,1041.7099609375
2541,2022-01-19,CLOSE,995.6500244140624
2542,2022-01-20,OPEN,1009.72998046875
2543,2022-01-20,CLOSE,996.27001953125
2544,2022-01-21,OPEN,996.3400268554688
2545,2022-01-21,CLOSE,943.9000244140624
2546,2022-01-24,OPEN,904.760009765625
2547,2022-01-24,CLOSE,930.0
2548,2022-01-25,OPEN,914.2000122070312
2549,2022-01-25,CLOSE,918.4000244140624
2550,2022-01-26,OPEN,952.4299926757812
2551,2022-01-26,CLOSE,937.4099731445312
2552,2022-01-27,OPEN,933.3599853515624
2553,2022-01-27,CLOSE,829.0999755859375
2554,2022-01-28,OPEN,831.5599975585938
2555,2022-01-28,CLOSE,846.3499755859375
2556,2022-01-31,OPEN,872.7100219726562
2557,2022-01-31,CLOSE,936.719970703125
2558,2022-02-01,OPEN,935.2100219726562
2559,2022-02-01,CLOSE,931.25
2560,2022-02-02,OPEN,928.1799926757812
2561,2022-02-02,CLOSE,905.6599731445312
2562,2022-02-03,OPEN,882.0
2563,2022-02-03,CLOSE,891.1400146484375
2564,2022-02-04,OPEN,897.219970703125
2565,2022-02-04,CLOSE,923.3200073242188
2566,2022-02-07,OPEN,923.7899780273438
2567,2022-02-07,CLOSE,907.3400268554688
2568,2022-02-08,OPEN,905.530029296875
2569,2022-02-08,CLOSE,922.0
2570,2022-02-09,OPEN,935.0
2571,2022-02-09,CLOSE,932.0
2572,2022-02-10,OPEN,908.3699951171876
2573,2022-02-10,CLOSE,904.5499877929688
2574,2022-02-11,OPEN,909.6300048828124
2575,2022-02-11,CLOSE,860.0
2576,2022-02-14,OPEN,861.5700073242188
2577,2022-02-14,CLOSE,875.760009765625
2578,2022-02-15,OPEN,900.0
2579,2022-02-15,CLOSE,922.4299926757812
2580,2022-02-16,OPEN,914.0499877929688
2581,2022-02-16,CLOSE,923.3900146484376
2582,2022-02-17,OPEN,913.260009765625
2583,2022-02-17,CLOSE,876.3499755859375
2584,2022-02-18,OPEN,886.0
2585,2022-02-18,CLOSE,856.97998046875
2586,2022-02-22,OPEN,834.1300048828125
2587,2022-02-22,CLOSE,821.530029296875
2588,2022-02-23,OPEN,830.4299926757812
2589,2022-02-23,CLOSE,764.0399780273438
2590,2022-02-24,OPEN,700.3900146484375
2591,2022-02-24,CLOSE,800.77001953125
2592,2022-02-25,OPEN,809.22998046875
2593,2022-02-25,CLOSE,809.8699951171875
2594,2022-02-28,OPEN,815.010009765625
2595,2022-02-28,CLOSE,870.4299926757812
2596,2022-03-01,OPEN,869.6799926757812
2597,2022-03-01,CLOSE,864.3699951171875
2598,2022-03-02,OPEN,872.1300048828125
2599,2022-03-02,CLOSE,879.8900146484375
2600,2022-03-03,OPEN,878.77001953125
2601,2022-03-03,CLOSE,839.2899780273438
2602,2022-03-04,OPEN,849.0999755859375
2603,2022-03-04,CLOSE,838.2899780273438
2604,2022-03-07,OPEN,856.2999877929688
2605,2022-03-07,CLOSE,804.5800170898438
